Home Team,Away Team,Home Score,Away Score,Home xG,Away xG,Forecast (W),Forecast (D),Forecast (L),Result,Home Value,Opp Team Value,Result Value,OppCode
Atletico Madrid,Granada,3,1,3.01246,1.13452,0.7510083568277386,0.13787081386257494,0.11112012409913927,w,1,0,1,0
Real Betis,Atletico Madrid,0,0,1.02642,0.34492,0.5251307338194767,0.35187995700500463,0.1229893091750856,d,1,0,0,1
Rayo Vallecano,Atletico Madrid,0,7,0.542939,3.29424,0.03235180087748818,0.0811812266944281,0.8864648943370584,w,1,0,1,1
Valencia,Atletico Madrid,3,0,2.22142,0.564083,0.7539644253684273,0.16687868438159073,0.0791568750274736,l,1,0,0,1
Atletico Madrid,Real Madrid,3,1,1.79578,0.847915,0.5981855611382985,0.22824541274672552,0.1735690251844691,w,1,0,1,2
Osasuna,Atletico Madrid,0,2,0.759357,1.22827,0.22926146380331835,0.2978925548462445,0.47284598134513456,w,1,0,1,1
Atletico Madrid,Cadiz,3,2,3.10102,0.677345,0.846310477431464,0.10281688139478776,0.0508716377514884,w,1,0,1,3
Atletico Madrid,Real Sociedad,2,1,2.94239,0.928071,0.781274927724661,0.13069176271523614,0.08803278091131767,w,1,0,1,4
Celta Vigo,Atletico Madrid,0,3,1.26757,2.39246,0.1898598218552229,0.18714095608489897,0.6229991825404031,w,1,0,1,1
Atletico Madrid,Alaves,2,1,1.94088,0.385398,0.7503878589348958,0.1855588143245078,0.06405332413289651,w,1,0,1,5
Las Palmas,Atletico Madrid,2,1,0.452709,1.52768,0.10725715140694626,0.2512941735798689,0.6414486749075446,l,1,0,0,1
Atletico Madrid,Villarreal,3,1,3.93786,0.868854,0.8891243285096648,0.07140008009751127,0.03945890373936415,w,1,0,1,6
Atletico Madrid,Mallorca,1,0,2.29683,0.945212,0.6770977374766985,0.18274312509620064,0.14015911400941292,w,1,0,1,7
Barcelona,Atletico Madrid,1,0,3.18789,0.996297,0.7991503763715277,0.11866453967866276,0.08218368250264321,l,1,0,0,1
Atletico Madrid,Almeria,2,1,2.16876,1.6656,0.49518170338469897,0.20592097745848476,0.2988973076627223,w,1,0,1,8
Athletic Club,Atletico Madrid,2,0,2.73082,0.342126,0.8707020264662189,0.1007399783221821,0.028557785239346677,l,1,0,0,1
Atletico Madrid,Getafe,3,3,2.02936,2.53681,0.3146993142605689,0.1879323872971528,0.497368210539949,d,1,0,0,9
Atletico Madrid,Sevilla,1,0,1.53277,0.279969,0.694578083157998,0.2411246847314275,0.06429723200005472,w,1,0,1,10
Girona,Atletico Madrid,4,3,2.32369,2.67389,0.34854560354876774,0.18158472166994935,0.4698694862147293,l,1,0,0,1
Granada,Atletico Madrid,0,1,0.684269,1.42876,0.17874559976112261,0.2712612850453388,0.5499931151510979,w,1,0,1,1
Atletico Madrid,Valencia,2,0,2.80234,0.406631,0.8654622200858129,0.1013311406394765,0.03320634967381345,w,1,0,1,11
Atletico Madrid,Rayo Vallecano,2,1,1.29884,0.426602,0.5872703487404809,0.29131487787638444,0.12141477337167028,w,1,0,1,12
Real Madrid,Atletico Madrid,1,1,2.36334,1.35012,0.5997406780470855,0.1913280657174656,0.20893122243407822,d,1,0,0,1
Sevilla,Atletico Madrid,1,0,2.15338,1.67549,0.4900241179911273,0.2066523030405118,0.30332356843123737,l,1,0,0,1
Atletico Madrid,Las Palmas,5,0,2.79269,0.660284,0.8147750447710694,0.12311807029773843,0.06210660746450596,w,1,0,1,13
Almeria,Atletico Madrid,2,2,0.352281,1.87638,0.06121523513194937,0.19150748218327346,0.7472772810169633,d,1,0,0,1
Atletico Madrid,Real Betis,2,1,3.54138,0.588581,0.8985411196419226,0.07169677227432704,0.029757212441344705,w,1,0,1,14
Cadiz,Atletico Madrid,2,0,1.18033,0.895711,0.42437267866621786,0.2974798505629502,0.27814747076772045,l,1,0,0,1
Atletico Madrid,Barcelona,0,3,0.570805,1.94966,0.09910655480549167,0.19812570479694439,0.7027677376298965,l,1,0,0,15
Villarreal,Atletico Madrid,1,2,0.681964,1.2402,0.2043226047553416,0.2987724168429367,0.4969049783956654,w,1,0,1,1
Atletico Madrid,Girona,3,1,2.58629,2.20992,0.47382022019580866,0.18521622350152214,0.3409634358724269,w,1,0,1,16
Alaves,Atletico Madrid,2,0,0.521018,0.715212,0.23448439235793594,0.40923146782637887,0.3562841398156825,l,1,0,0,1
Atletico Madrid,Athletic Club,3,1,0.62028,0.894572,0.24028303227131326,0.3598294759773189,0.39988749175130517,w,1,0,1,17
Mallorca,Atletico Madrid,0,1,0.328479,0.874778,0.13335128451675443,0.39287887744059996,0.4737698380426002,w,1,0,1,1
Atletico Madrid,Celta Vigo,1,0,1.81009,0.370026,0.7292730193322308,0.2023928722527677,0.06833410738074625,w,1,0,1,18
Getafe,Atletico Madrid,0,3,0.446969,1.67036,0.09424819982956462,0.2284374913853615,0.6773143084320776,w,1,0,1,1
Atletico Madrid,Osasuna,1,4,1.76117,1.88434,0.36649610203085686,0.2174425773925209,0.41606131809492203,l,1,0,0,19
Real Sociedad,Atletico Madrid,0,2,0.570544,2.19824,0.08169469082278447,0.16981754202327942,0.7484877538645579,w,1,0,1,1
Athletic Club,Real Madrid,0,2,0.700577,1.33266,0.19634495787629258,0.2848000908724891,0.5188549512348822,w,1,0,1,2
Almeria,Real Madrid,1,3,1.81328,2.8802,0.22988698475285002,0.17031138968488804,0.5998012180513445,w,1,0,1,2
Celta Vigo,Real Madrid,0,1,1.17827,1.6167,0.2781598588834698,0.24622606479170064,0.4756140760944674,w,1,0,1,2
Real Madrid,Getafe,2,1,2.64665,0.893748,0.746697247758771,0.15057032862519995,0.10273228167924109,w,1,0,1,9
Real Madrid,Real Sociedad,2,1,2.56902,2.1546,0.48051730458967806,0.186174434154994,0.3333081534175251,w,1,0,1,4
Atletico Madrid,Real Madrid,3,1,1.79578,0.847915,0.5981855611382985,0.22824541274672552,0.1735690251844691,l,1,0,0,2
Real Madrid,Las Palmas,2,0,2.71542,0.618032,0.8136801817959776,0.12585547705470937,0.06046414548169578,w,1,0,1,13
Girona,Real Madrid,0,3,2.17781,2.78602,0.30591274395327606,0.17820635338547347,0.5158806215373656,w,1,0,1,2
Real Madrid,Osasuna,4,0,4.47802,0.164111,0.9793864277124458,0.018131846655385888,0.0024118863832259547,w,1,0,1,19
Sevilla,Real Madrid,1,1,1.8723,2.17904,0.3396066101804396,0.2035088837429931,0.45688449259568703,d,1,0,0,2
Barcelona,Real Madrid,1,2,1.32038,0.959404,0.44936285771462325,0.27920744351029897,0.27142969876053036,w,1,0,1,2
Real Madrid,Rayo Vallecano,0,0,1.85349,0.134981,0.8043351202808081,0.17335900695594983,0.022305871346016897,d,1,0,0,12
Real Madrid,Valencia,5,1,1.90598,2.03068,0.3715518327582192,0.20846052315615665,0.4199876373062369,w,1,0,1,11
Cadiz,Real Madrid,0,3,1.13056,1.84054,0.23224953293911277,0.2279980023633247,0.5397524634046773,w,1,0,1,2
Real Madrid,Granada,2,0,2.2606,0.110085,0.869594039869067,0.11815117841789129,0.0122547626331044,w,1,0,1,0
Real Betis,Real Madrid,1,1,1.51575,0.803862,0.5412688785624489,0.2599243521255567,0.19880676921701165,d,1,0,0,2
Real Madrid,Villarreal,4,1,3.22478,0.421986,0.8999101182216902,0.07561982309095389,0.024468449090322707,w,1,0,1,6
Alaves,Real Madrid,0,1,0.388196,0.947483,0.14750596854027548,0.36897199343023973,0.4835220380293445,w,1,0,1,2
Real Madrid,Mallorca,1,0,1.87575,0.840414,0.6179752040044543,0.21940702318789027,0.1626177711472223,w,1,0,1,7
Real Madrid,Almeria,3,2,3.07258,0.928735,0.7975860554040317,0.12189933324453066,0.08051371415275181,w,1,0,1,8
Las Palmas,Real Madrid,1,2,0.929969,2.05683,0.1615439065345468,0.20416551910573552,0.634290568769404,w,1,0,1,2
Getafe,Real Madrid,0,2,0.791039,2.72231,0.08294664941231372,0.1379880553559073,0.7790650932768685,w,1,0,1,2
Real Madrid,Girona,4,0,3.32636,0.180194,0.9413113925081602,0.05086275360969395,0.007823520499874517,w,1,0,1,16
Rayo Vallecano,Real Madrid,1,1,1.1431,1.0219,0.3839875236084628,0.2934079441746925,0.3226045322144865,d,1,0,0,2
Real Madrid,Sevilla,1,0,1.01644,0.967099,0.3580033901335558,0.30992165058563775,0.33207495928024194,w,1,0,1,10
Valencia,Real Madrid,2,2,1.33185,1.45798,0.34498767213747744,0.2527642807059561,0.4022480470844154,d,1,0,0,2
Real Madrid,Celta Vigo,4,0,3.6885,0.53726,0.9152297668667593,0.06150602774319332,0.023256334407868437,w,1,0,1,18
Osasuna,Real Madrid,2,4,0.669756,3.05767,0.05177022027683537,0.10507360900193946,0.8431553250718863,w,1,0,1,2
Real Madrid,Athletic Club,2,0,1.1877,0.304704,0.5914579569394531,0.3138616632996098,0.09468037975761377,w,1,0,1,17
Mallorca,Real Madrid,0,1,0.592998,1.81161,0.11505572229559073,0.21669096186323553,0.6682533147952948,w,1,0,1,2
Real Madrid,Barcelona,3,2,2.7698,1.34666,0.6725671026969882,0.16369731728310363,0.16373532950211167,w,1,0,1,15
Real Sociedad,Real Madrid,0,1,0.380904,0.462672,0.21636434652032083,0.5093860181902969,0.274249635289382,w,1,0,1,2
Real Madrid,Cadiz,3,0,2.63447,0.998827,0.722601604706763,0.15754816201144992,0.11985009932925518,w,1,0,1,3
Granada,Real Madrid,0,4,0.699759,2.7909,0.0671150836980033,0.1262122089123707,0.8066724321225895,w,1,0,1,2
Real Madrid,Alaves,5,0,2.88216,1.50657,0.6591764444534013,0.16226459147321515,0.17855855410965515,w,1,0,1,5
Villarreal,Real Madrid,4,4,2.21178,1.59129,0.5190821042441588,0.20373909918213023,0.27717878200067675,d,1,0,0,2
Real Madrid,Real Betis,0,0,1.24417,1.15552,0.3833447725305448,0.27630219688579916,0.34035303057505867,d,1,0,0,14
Getafe,Barcelona,0,0,0.804505,1.67817,0.17771008626709786,0.24055591115564792,0.581734002201403,d,1,0,0,15
Barcelona,Cadiz,2,0,3.42524,1.11132,0.8064634219361558,0.1112512609952975,0.08228201224522418,w,1,0,1,3
Villarreal,Barcelona,3,4,1.87195,2.95807,0.2305566114335219,0.16751840128318038,0.6019244213972127,w,1,0,1,15
Osasuna,Barcelona,1,2,0.801843,1.77255,0.16575753768961973,0.22963609763611353,0.6046063638921274,w,1,0,1,15
Barcelona,Real Betis,5,0,2.54628,0.852869,0.7400688044976975,0.1562302856642995,0.10370082260916348,w,1,0,1,14
Barcelona,Celta Vigo,3,2,1.82246,1.67938,0.41822264518857544,0.2221901447924093,0.3595872085071322,w,1,0,1,18
Mallorca,Barcelona,2,2,1.21366,1.62815,0.28493321678100164,0.24466355426670933,0.4704032286977051,d,1,0,0,15
Barcelona,Sevilla,1,0,2.5598,1.07557,0.6941260274373995,0.1672045166979396,0.1386693626002151,w,1,0,1,10
Granada,Barcelona,2,2,0.611577,2.99552,0.04804320631035319,0.1048022544936056,0.8471538809473546,d,1,0,0,15
Barcelona,Athletic Club,1,0,1.70266,0.453295,0.6828181857999871,0.22395847364622368,0.09322334009725242,w,1,0,1,17
Barcelona,Real Madrid,1,2,1.32038,0.959404,0.44936285771462325,0.27920744351029897,0.27142969876053036,l,1,0,0,2
Real Sociedad,Barcelona,0,1,0.84705,1.22041,0.25658579897932926,0.2952236633095437,0.4481905377062523,w,1,0,1,15
Barcelona,Alaves,2,1,1.81139,1.83858,0.3856990811981742,0.21766096394552695,0.39663995253905093,w,1,0,1,5
Rayo Vallecano,Barcelona,1,1,0.912299,1.30627,0.26064322262111056,0.2825093334774502,0.45684744388895543,d,1,0,0,15
Barcelona,Atletico Madrid,1,0,3.18789,0.996297,0.7991503763715277,0.11866453967866276,0.08218368250264321,w,1,0,1,1
Barcelona,Girona,2,4,4.25448,2.93797,0.618067163495238,0.13543337440650108,0.24645916151915628,l,1,0,0,16
Valencia,Barcelona,1,1,0.78681,3.16129,0.059866770164321716,0.1067784816368086,0.8333534815006411,d,1,0,0,15
Barcelona,Almeria,3,2,4.04903,1.39703,0.8261567915213566,0.09460917245574793,0.07921116358123016,w,1,0,1,8
Las Palmas,Barcelona,1,2,0.967341,2.3608,0.13816917396017347,0.17822906762764582,0.6836017250922103,w,1,0,1,15
Real Betis,Barcelona,2,4,1.61122,2.71025,0.21511151394884925,0.17534524482029523,0.6095430499469887,w,1,0,1,15
Barcelona,Villarreal,3,5,2.02779,2.36875,0.34009555037545014,0.19437869296007504,0.46552571723899533,l,1,0,0,6
Barcelona,Osasuna,1,0,2.21737,1.41966,0.5561232028404178,0.20236747984575468,0.2415093024076255,w,1,0,1,19
Alaves,Barcelona,1,3,1.04716,1.55781,0.2550218402568711,0.2535143504454686,0.4914638091594089,w,1,0,1,15
Barcelona,Granada,3,3,2.5229,1.20453,0.6602020314036976,0.17547553330671545,0.16432235766326866,d,1,0,0,0
Celta Vigo,Barcelona,1,2,0.636492,1.5046,0.15668162427371018,0.2600697494014121,0.5832486262389762,w,1,0,1,15
Barcelona,Getafe,4,0,2.65095,0.316762,0.8675460558956983,0.1045561874407509,0.02789761180674518,w,1,0,1,9
Athletic Club,Barcelona,0,0,0.468397,0.714592,0.21283313970686818,0.41781131209021655,0.36935554820291255,d,1,0,0,15
Barcelona,Mallorca,1,0,2.06225,0.504754,0.7411841075516112,0.18003493304061108,0.07878095362171302,w,1,0,1,7
Atletico Madrid,Barcelona,0,3,0.570805,1.94966,0.09910655480549167,0.19812570479694439,0.7027677376298965,w,1,0,1,15
Barcelona,Las Palmas,1,0,1.72947,0.314295,0.7285839853741212,0.21011985966590102,0.06129615439710328,w,1,0,1,13
Cadiz,Barcelona,0,1,0.79048,0.833415,0.3127748381816911,0.3500189508819522,0.3372062109363231,w,1,0,1,15
Real Madrid,Barcelona,3,2,2.7698,1.34666,0.6725671026969882,0.16369731728310363,0.16373532950211167,l,1,0,0,15
Barcelona,Valencia,4,2,2.59636,1.49346,0.6129841985670612,0.1794158547219183,0.20759983510874577,w,1,0,1,11
Girona,Barcelona,4,2,2.31519,2.6053,0.35747085156378383,0.1837099372303688,0.45881906880748635,l,1,0,0,15
Barcelona,Real Sociedad,2,0,1.66029,0.799193,0.5787907948897775,0.24255772053809807,0.1786514842466868,w,1,0,1,4
Almeria,Barcelona,0,2,1.03949,2.13122,0.17546714329781643,0.20106071894067473,0.623472128872107,w,1,0,1,15
Barcelona,Rayo Vallecano,3,0,1.69959,1.68527,0.389486638258891,0.22699105003424144,0.3835223108634822,w,1,0,1,12
Sevilla,Barcelona,1,2,1.96266,1.4772,0.49023501531013797,0.21857346843317652,0.29119151316876024,w,1,0,1,15
Sevilla,Valencia,1,2,0.714148,1.06796,0.2419077787366847,0.32327697207359035,0.43481524918896775,l,1,0,0,11
Alaves,Sevilla,4,3,2.17962,0.958638,0.6519159530888571,0.19382693708124418,0.15425709792820214,l,1,0,0,10
Sevilla,Girona,1,2,1.93643,1.07498,0.5742258679024435,0.21908537037377443,0.20668875919306345,l,1,0,0,16
Sevilla,Las Palmas,1,0,2.43059,1.03513,0.680793506623266,0.1755652034050558,0.14364124162554345,w,1,0,1,13
Osasuna,Sevilla,0,0,1.57361,0.693906,0.5852283683205505,0.251544937200923,0.16322669432068623,d,1,0,0,10
Sevilla,Almeria,5,1,2.90509,1.37069,0.6894070578325173,0.1558913942050157,0.15470109602568696,w,1,0,1,8
Barcelona,Sevilla,1,0,2.5598,1.07557,0.6941260274373995,0.1672045166979396,0.1386693626002151,l,1,0,0,10
Sevilla,Rayo Vallecano,2,2,0.807105,0.998714,0.28479024069495135,0.3260186978572644,0.3891910614474753,d,1,0,0,12
Cadiz,Sevilla,2,2,1.42705,1.28392,0.4044913666357687,0.2568093561183615,0.3386992771943446,d,1,0,0,10
Celta Vigo,Sevilla,1,1,3.01524,1.25089,0.7291327388453592,0.1435749868012188,0.1272915611497308,d,1,0,0,10
Sevilla,Real Betis,1,1,0.615603,2.17922,0.09072757766709484,0.1750924430642751,0.7341799673954073,d,1,0,0,14
Real Sociedad,Sevilla,2,1,1.05204,0.374082,0.5250799801326905,0.3445035724496324,0.13041644741706526,l,1,0,0,10
Sevilla,Villarreal,1,1,2.4784,1.47061,0.5961094466876173,0.18631364094752248,0.21757685035982888,d,1,0,0,6
Mallorca,Sevilla,1,0,0.533315,0.554467,0.2709534292670227,0.44421761221626543,0.28482895851671186,l,1,0,0,10
Sevilla,Getafe,0,3,0.80788,2.83746,0.07850741304904167,0.13038630638634233,0.7911059426508702,l,1,0,0,9
Granada,Sevilla,0,3,1.12822,0.514939,0.5086854617760705,0.3231170913292407,0.16819744689306282,w,1,0,1,10
Atletico Madrid,Sevilla,1,0,1.53277,0.279969,0.694578083157998,0.2411246847314275,0.06429723200005472,l,1,0,0,10
Sevilla,Athletic Club,0,2,0.54777,1.99704,0.09112403883300393,0.19088615924116048,0.7179897981292259,l,1,0,0,17
Sevilla,Alaves,2,3,2.49561,2.08895,0.47864123551181403,0.18922105119085514,0.3321376388230894,l,1,0,0,5
Girona,Sevilla,5,1,2.95279,0.947841,0.7788210663053693,0.13119554035457184,0.08998284129929184,l,1,0,0,10
Sevilla,Osasuna,1,1,1.42372,1.07779,0.44947098937813007,0.26503993761357125,0.28548907296700266,d,1,0,0,19
Rayo Vallecano,Sevilla,1,2,2.1306,1.77647,0.4653688344719487,0.2068010258790494,0.3278301299881934,w,1,0,1,10
Sevilla,Atletico Madrid,1,0,2.15338,1.67549,0.4900241179911273,0.2066523030405118,0.30332356843123737,w,1,0,1,1
Valencia,Sevilla,0,0,1.11987,0.0457854,0.6571140720572597,0.32790729111796896,0.014978636823305897,d,1,0,0,10
Real Madrid,Sevilla,1,0,1.01644,0.967099,0.3580033901335558,0.30992165058563775,0.33207495928024194,l,1,0,0,10
Sevilla,Real Sociedad,3,2,2.15506,1.27238,0.5754401801857538,0.20469878632631425,0.21986102320642098,w,1,0,1,4
Almeria,Sevilla,2,2,1.81235,2.6495,0.25868196863767756,0.18197979275817316,0.559338093686459,d,1,0,0,10
Sevilla,Celta Vigo,1,2,1.75591,2.23423,0.3072121037973939,0.20219981029002299,0.4905880688255868,l,1,0,0,18
Getafe,Sevilla,0,1,1.57791,0.901033,0.5323443147983349,0.25270547968544815,0.21495020535237183,w,1,0,1,10
Las Palmas,Sevilla,0,2,0.0909476,2.06406,0.012087492921439472,0.13870227044087347,0.8492102307848344,w,1,0,1,10
Sevilla,Mallorca,2,1,1.72842,0.879845,0.5744774813121042,0.23619600556250955,0.18932651256702104,w,1,0,1,7
Real Betis,Sevilla,1,1,2.39465,1.26484,0.6239985262493328,0.18690245913620313,0.18909897463056718,d,1,0,0,10
Sevilla,Granada,3,0,2.45224,0.227083,0.8649011636805332,0.11247534871872242,0.02262343347534508,w,1,0,1,0
Villarreal,Sevilla,3,2,3.10775,1.95835,0.6106573178554829,0.16197064135811268,0.22737100769583476,l,1,0,0,10
Sevilla,Cadiz,0,1,1.43788,2.85137,0.170529636219736,0.16180693752652,0.6676630672290674,l,1,0,0,3
Athletic Club,Sevilla,2,0,1.78593,1.29208,0.4904498858092531,0.23182761883073066,0.27772249448466496,l,1,0,0,10
Sevilla,Barcelona,1,2,1.96266,1.4772,0.49023501531013797,0.21857346843317652,0.29119151316876024,l,1,0,0,15
Villarreal,Real Betis,1,2,0.737812,0.969349,0.2674542300082487,0.33622474569299715,0.3963210242985568,l,1,0,0,14
Mallorca,Villarreal,0,1,0.370077,2.12458,0.05243971444777712,0.16133550730101287,0.7862247697162931,w,1,0,1,6
Villarreal,Barcelona,3,4,1.87195,2.95807,0.2305566114335219,0.16751840128318038,0.6019244213972127,l,1,0,0,15
Cadiz,Villarreal,3,1,1.97214,0.494033,0.7272982985254179,0.19010626436542397,0.08259543389018766,l,1,0,0,6
Villarreal,Almeria,2,1,1.43205,1.76794,0.31310511326834883,0.2308849300955021,0.45600995583695647,w,1,0,1,8
Rayo Vallecano,Villarreal,1,1,1.0345,1.0365,0.34844308943921354,0.3020812487380665,0.34947566182174045,d,1,0,0,6
Villarreal,Girona,1,2,1.89071,2.29941,0.32407195179023135,0.19835672863285642,0.4775712939739882,l,1,0,0,16
Getafe,Villarreal,0,0,0.768368,0.112227,0.4975936100236395,0.45106035812437606,0.05134603185197738,d,1,0,0,6
Villarreal,Las Palmas,1,2,1.16305,1.1602,0.35970017050305286,0.2820015811396179,0.35829824835244645,l,1,0,0,13
Villarreal,Alaves,1,1,1.71642,1.79896,0.3720695120355386,0.22207871385853076,0.4058517726446872,d,1,0,0,5
Granada,Villarreal,2,3,2.80131,1.90197,0.5693923438351294,0.17562479673750406,0.254982569148581,w,1,0,1,6
Villarreal,Athletic Club,2,3,1.78074,2.22797,0.31320675328768005,0.20233693359017488,0.48445629647704513,l,1,0,0,17
Atletico Madrid,Villarreal,3,1,3.93786,0.868854,0.8891243285096648,0.07140008009751127,0.03945890373936415,l,1,0,0,6
Villarreal,Osasuna,3,1,2.84591,1.26437,0.7012015873921228,0.15528543161190958,0.14351263041528103,w,1,0,1,19
Villarreal,Real Sociedad,0,3,2.37019,2.19834,0.43508974552015156,0.19207662571661513,0.3728335804089212,l,1,0,0,4
Real Madrid,Villarreal,4,1,3.22478,0.421986,0.8999101182216902,0.07561982309095389,0.024468449090322707,l,1,0,0,6
Villarreal,Celta Vigo,3,2,2.59564,1.98503,0.5166073271304786,0.18553826899473974,0.29785428923185836,w,1,0,1,18
Valencia,Villarreal,3,1,2.78114,1.15004,0.7141582712599402,0.15445090075259912,0.13139056443735306,l,1,0,0,6
Las Palmas,Villarreal,3,0,0.963955,1.71198,0.2115045263759264,0.23886468676267383,0.5496307863700097,l,1,0,0,6
Villarreal,Mallorca,1,1,1.7328,0.430539,0.6959314404866099,0.2180734523147984,0.08599510662103277,d,1,0,0,7
Barcelona,Villarreal,3,5,2.02779,2.36875,0.34009555037545014,0.19437869296007504,0.46552571723899533,w,1,0,1,6
Villarreal,Cadiz,0,0,1.00089,0.686978,0.4197071537203273,0.3356571137593699,0.2446357325199977,d,1,0,0,3
Alaves,Villarreal,1,1,2.09111,1.29002,0.5582863388537807,0.20965583708552205,0.2320578171117544,d,1,0,0,6
Villarreal,Getafe,1,1,1.61961,0.976893,0.5239596600281832,0.2481700434012536,0.22787029633737535,d,1,0,0,9
Real Sociedad,Villarreal,1,3,1.48985,1.6421,0.34898124546602677,0.2364130955964577,0.41460565858181847,w,1,0,1,6
Villarreal,Granada,5,1,3.02991,0.276758,0.9085272532266255,0.07443426286727366,0.017037727192251946,w,1,0,1,0
Real Betis,Villarreal,2,3,1.39975,1.30814,0.39236126226475704,0.25742975537429674,0.35020898231624326,w,1,0,1,6
Villarreal,Valencia,1,0,2.1872,1.07722,0.6259102527734783,0.19744325401655485,0.17664648075938336,w,1,0,1,11
Villarreal,Atletico Madrid,1,2,0.681964,1.2402,0.2043226047553416,0.2987724168429367,0.4969049783956654,l,1,0,0,1
Athletic Club,Villarreal,1,1,0.823044,2.1913,0.12733005116851734,0.18646906619737919,0.6862008698783406,d,1,0,0,6
Almeria,Villarreal,1,2,2.14538,1.60008,0.5036312608076177,0.20742556474754006,0.2889431645582296,w,1,0,1,6
Villarreal,Rayo Vallecano,3,0,1.98091,0.896929,0.6265626087612584,0.21041652444577919,0.16302086338034041,w,1,0,1,12
Celta Vigo,Villarreal,3,2,4.41257,0.544766,0.9494334358842786,0.037254808183745027,0.013252288277936154,l,1,0,0,6
Villarreal,Sevilla,3,2,3.10775,1.95835,0.6106573178554829,0.16197064135811268,0.22737100769583476,w,1,0,1,10
Girona,Villarreal,0,1,2.28453,0.776468,0.7140674911312327,0.1749054133623599,0.11102707365283497,w,1,0,1,6
Osasuna,Villarreal,1,1,1.09355,0.835313,0.4125991361396002,0.31162199183860545,0.27577887202071993,d,1,0,0,6
Villarreal,Real Betis,1,2,0.737812,0.969349,0.2674542300082487,0.33622474569299715,0.3963210242985568,w,1,0,1,14
Athletic Club,Real Betis,4,2,2.86727,0.346198,0.8830166730119765,0.09120797906233295,0.025774963423694577,l,1,0,0,14
Real Betis,Rayo Vallecano,1,0,0.91924,1.53554,0.22579955344597688,0.25722127988311916,0.5169791665575523,w,1,0,1,12
Barcelona,Real Betis,5,0,2.54628,0.852869,0.7400688044976975,0.1562302856642995,0.10370082260916348,l,1,0,0,14
Real Betis,Cadiz,1,1,2.70742,0.570946,0.8223007770042834,0.12272967501828944,0.054969359387636293,d,1,0,0,3
Granada,Real Betis,1,1,1.55108,0.870668,0.5331989809497846,0.25573012828845226,0.21107089063188797,d,1,0,0,14
Real Betis,Valencia,3,0,2.53745,0.510459,0.8134091585382898,0.13194307319558676,0.054647684785273515,w,1,0,1,11
Alaves,Real Betis,1,1,1.89594,0.872851,0.614288909356867,0.21828605270414572,0.16742503602556294,d,1,0,0,14
Getafe,Real Betis,1,1,1.86677,1.42816,0.4793599780340742,0.2249140095654497,0.29572601080023053,d,1,0,0,14
Real Betis,Osasuna,2,1,1.43393,0.446425,0.6190152697519528,0.26696436591863426,0.11402036428482555,w,1,0,1,19
Real Betis,Mallorca,2,0,2.84664,0.540374,0.8445151720831799,0.10958514949838648,0.04589932673220902,w,1,0,1,7
Real Betis,Las Palmas,1,0,1.92649,0.751589,0.6513441336440313,0.21051344220979243,0.13814242178247524,w,1,0,1,13
Almeria,Real Betis,0,0,2.69938,0.769817,0.7802853300753223,0.13833491459507874,0.08137957361900985,d,1,0,0,14
Real Sociedad,Real Betis,0,0,0.989954,1.37163,0.27095242393192354,0.27287318078247474,0.4561743952610713,d,1,0,0,14
Real Betis,Girona,1,1,1.61394,1.64551,0.3774003141245984,0.2318234804853716,0.39077620487930576,d,1,0,0,16
Celta Vigo,Real Betis,2,1,2.54675,1.73674,0.5551396151440976,0.18643605523885792,0.2584242415891467,l,1,0,0,14
Real Betis,Granada,1,0,2.00904,0.658067,0.6919604722983582,0.19647137125271313,0.11156815234143128,w,1,0,1,0
Real Betis,Barcelona,2,4,1.61122,2.71025,0.21511151394884925,0.17534524482029523,0.6095430499469887,l,1,0,0,15
Mallorca,Real Betis,0,1,1.72961,0.400759,0.7037060361427014,0.21655292106208718,0.07974104223172632,w,1,0,1,14
Real Betis,Getafe,1,1,1.54414,1.9002,0.3160901667940359,0.2213520063680965,0.46255782474462714,d,1,0,0,9
Cadiz,Real Betis,0,2,0.755069,1.43872,0.19655789398939724,0.2697585166121584,0.5336835893517732,w,1,0,1,14
Real Betis,Alaves,0,0,1.18267,0.490778,0.5330326208831357,0.31334420004742636,0.15362317906630463,d,1,0,0,5
Real Betis,Athletic Club,3,1,0.921277,0.137757,0.5533185512274986,0.39221893206834263,0.054462516704064656,w,1,0,1,17
Atletico Madrid,Real Betis,2,1,3.54138,0.588581,0.8985411196419226,0.07169677227432704,0.029757212441344705,l,1,0,0,14
Real Betis,Villarreal,2,3,1.39975,1.30814,0.39236126226475704,0.25742975537429674,0.35020898231624326,l,1,0,0,6
Rayo Vallecano,Real Betis,2,0,0.790186,0.69375,0.34380189954841006,0.36915115190471476,0.2870469485468628,l,1,0,0,14
Girona,Real Betis,3,2,2.43161,0.524961,0.7956586406966739,0.14280924999787034,0.061532060700617876,l,1,0,0,14
Real Betis,Celta Vigo,2,1,1.22903,1.58129,0.2967134331407284,0.2478693137952502,0.455417252890093,w,1,0,1,18
Valencia,Real Betis,1,2,0.951475,1.82123,0.19403304780997935,0.22777870873410877,0.5781882423335005,w,1,0,1,14
Osasuna,Real Betis,0,2,1.02463,1.44688,0.26742274716247866,0.26446898295245197,0.46810826983423504,w,1,0,1,14
Real Betis,Almeria,3,2,1.69343,1.08304,0.5164476766945528,0.24078362339150342,0.24276869948860305,w,1,0,1,8
Las Palmas,Real Betis,2,2,2.61533,1.3277,0.650416237298719,0.17335649891806154,0.17622714154399854,d,1,0,0,14
Real Betis,Real Sociedad,0,2,1.60754,0.792849,0.5674830788851177,0.2487409400233045,0.1837759808809673,l,1,0,0,4
Real Sociedad,Girona,1,1,1.46019,1.27791,0.4142546040111267,0.2548686928066524,0.33087670311593803,d,1,0,0,16
Real Sociedad,Celta Vigo,1,1,0.917678,1.77937,0.19163882346215613,0.23143876754798462,0.5769224081665111,d,1,0,0,18
Las Palmas,Real Sociedad,0,0,1.56933,1.11751,0.47781655746364166,0.2512806555904046,0.27090278679240515,d,1,0,0,4
Real Sociedad,Granada,5,3,2.08686,0.549509,0.734219884794669,0.18052322244984215,0.08525688599888931,w,1,0,1,0
Real Madrid,Real Sociedad,2,1,2.56902,2.1546,0.48051730458967806,0.186174434154994,0.3333081534175251,l,1,0,0,4
Real Sociedad,Getafe,4,3,2.13384,1.59398,0.5024817516874265,0.20808017199010245,0.2894380671024465,w,1,0,1,9
Valencia,Real Sociedad,0,1,0.356756,0.29355,0.2349338246144735,0.5779886535930556,0.18707752179247097,w,1,0,1,4
Real Sociedad,Athletic Club,3,0,1.38238,1.96039,0.27078504024130706,0.21922443537916161,0.5099905213771975,w,1,0,1,17
Atletico Madrid,Real Sociedad,2,1,2.94239,0.928071,0.781274927724661,0.13069176271523614,0.08803278091131767,l,1,0,0,4
Real Sociedad,Mallorca,1,0,2.0056,2.03914,0.3907019691818863,0.20572491452517916,0.4035731072845633,w,1,0,1,7
Rayo Vallecano,Real Sociedad,2,2,0.844003,1.93178,0.15719450339074037,0.21359794828704656,0.6292075458713265,d,1,0,0,4
Real Sociedad,Barcelona,0,1,0.84705,1.22041,0.25658579897932926,0.2952236633095437,0.4481905377062523,l,1,0,0,15
Almeria,Real Sociedad,1,3,0.637245,2.53693,0.07206548484607644,0.14221970860395783,0.7857147232852124,w,1,0,1,4
Real Sociedad,Sevilla,2,1,1.05204,0.374082,0.5250799801326905,0.3445035724496324,0.13041644741706526,w,1,0,1,10
Osasuna,Real Sociedad,1,1,1.01822,1.69944,0.22628387968292243,0.24031951508303462,0.5333966047885677,d,1,0,0,4
Villarreal,Real Sociedad,0,3,2.37019,2.19834,0.43508974552015156,0.19207662571661513,0.3728335804089212,w,1,0,1,4
Cadiz,Real Sociedad,0,0,0.856097,0.6603,0.37593137856782355,0.36225738124988355,0.26181124018225876,d,1,0,0,4
Real Sociedad,Alaves,1,1,0.98082,0.969339,0.3464139069326511,0.31324811087075727,0.34033798219616984,d,1,0,0,5
Athletic Club,Real Sociedad,2,1,1.73042,1.02381,0.5394464524792505,0.23738813890425753,0.22316540804904586,l,1,0,0,4
Celta Vigo,Real Sociedad,0,1,0.257377,0.630224,0.13046154913283475,0.4811694978745454,0.38836895299261914,w,1,0,1,4
Real Sociedad,Rayo Vallecano,0,0,0.251108,0.129675,0.19811386807877018,0.7057587067321782,0.09612742518905143,d,1,0,0,12
Girona,Real Sociedad,0,0,1.04543,0.583723,0.4620623052833453,0.335303758403904,0.20263393631219037,d,1,0,0,4
Real Sociedad,Osasuna,0,1,2.50503,0.704714,0.7662322409606537,0.14997762221383065,0.08379006588747677,l,1,0,0,19
Mallorca,Real Sociedad,1,2,0.188904,1.20859,0.05730231959512825,0.30696129303047326,0.6357363873701641,w,1,0,1,4
Real Sociedad,Villarreal,1,3,1.48985,1.6421,0.34898124546602677,0.2364130955964577,0.41460565858181847,l,1,0,0,6
Sevilla,Real Sociedad,3,2,2.15506,1.27238,0.5754401801857538,0.20469878632631425,0.21986102320642098,l,1,0,0,4
Granada,Real Sociedad,2,3,2.0551,1.88323,0.42931029861487646,0.20809360547704794,0.3625960886287763,w,1,0,1,4
Real Sociedad,Cadiz,2,0,2.34962,0.695705,0.7439234907348569,0.16354630160680325,0.09253017630482611,w,1,0,1,3
Alaves,Real Sociedad,0,1,0.142958,1.29248,0.039978542252855735,0.28406210676870264,0.675959350967728,w,1,0,1,4
Real Sociedad,Almeria,2,2,1.68743,1.77546,0.36990290853910884,0.22391786451452725,0.4061792257422523,d,1,0,0,8
Getafe,Real Sociedad,1,1,1.19821,1.03517,0.3970024403814373,0.2874498282894744,0.3155477313248444,d,1,0,0,4
Real Sociedad,Real Madrid,0,1,0.380904,0.462672,0.21636434652032083,0.5093860181902969,0.274249635289382,l,1,0,0,2
Real Sociedad,Las Palmas,2,0,0.899129,0.56693,0.4154518640553892,0.36437089764925296,0.22017723829529096,w,1,0,1,13
Barcelona,Real Sociedad,2,0,1.66029,0.799193,0.5787907948897775,0.24255772053809807,0.1786514842466868,l,1,0,0,4
Real Sociedad,Valencia,1,0,1.13192,0.774644,0.4396124545899622,0.3103800336843011,0.25000751172402685,w,1,0,1,11
Real Betis,Real Sociedad,0,2,1.60754,0.792849,0.5674830788851177,0.2487409400233045,0.1837759808809673,w,1,0,1,4
Real Sociedad,Atletico Madrid,0,2,0.570544,2.19824,0.08169469082278447,0.16981754202327942,0.7484877538645579,l,1,0,0,1
Sevilla,Valencia,1,2,0.714148,1.06796,0.2419077787366847,0.32327697207359035,0.43481524918896775,w,1,0,1,11
Valencia,Las Palmas,1,0,1.50324,0.741978,0.5542933612535643,0.26134450292263955,0.1843621357389405,w,1,0,1,13
Valencia,Osasuna,1,2,1.87647,1.45939,0.4749199404266445,0.22393067789662796,0.3011493799511575,l,1,0,0,19
Alaves,Valencia,1,0,1.90475,0.715753,0.6559219612210133,0.21136587287257672,0.13271216387197732,l,1,0,0,11
Valencia,Atletico Madrid,3,0,2.22142,0.564083,0.7539644253684273,0.16687868438159073,0.0791568750274736,w,1,0,1,1
Almeria,Valencia,2,2,2.46387,0.995742,0.695256063613638,0.17097680272005306,0.13376707618338848,d,1,0,0,11
Valencia,Real Sociedad,0,1,0.356756,0.29355,0.2349338246144735,0.5779886535930556,0.18707752179247097,l,1,0,0,4
Real Betis,Valencia,3,0,2.53745,0.510459,0.8134091585382898,0.13194307319558676,0.054647684785273515,l,1,0,0,11
Mallorca,Valencia,1,1,0.919992,0.509313,0.4386604538118357,0.3655338536454402,0.19580569254263158,d,1,0,0,11
Valencia,Cadiz,2,0,1.6763,0.551967,0.6490726117906068,0.23294584863969442,0.11798153919945052,w,1,0,1,3
Athletic Club,Valencia,2,2,1.63308,2.17868,0.2906873660317615,0.2055246481846076,0.503787973688026,d,1,0,0,11
Valencia,Granada,1,0,1.18921,0.344591,0.5793443515318893,0.3135911546539818,0.10706449381074619,w,1,0,1,0
Real Madrid,Valencia,5,1,1.90598,2.03068,0.3715518327582192,0.20846052315615665,0.4199876373062369,l,1,0,0,11
Valencia,Celta Vigo,0,0,0.247015,0.609862,0.12774440347388583,0.4908813608529376,0.3813742356731762,d,1,0,0,18
Girona,Valencia,2,1,1.85396,1.00981,0.5714216238303033,0.22556938284382616,0.2030089919035229,l,1,0,0,11
Getafe,Valencia,1,0,0.841976,0.183916,0.5058718416752095,0.41617403140974996,0.07795412691501427,l,1,0,0,11
Rayo Vallecano,Valencia,0,1,0.51265,0.33485,0.3101202096129513,0.5052563189899841,0.1846234713970646,w,1,0,1,11
Valencia,Villarreal,3,1,2.78114,1.15004,0.7141582712599402,0.15445090075259912,0.13139056443735306,w,1,0,1,6
Cadiz,Valencia,1,4,1.55289,1.7596,0.34232899044432047,0.22853190710254173,0.4291391016120767,w,1,0,1,11
Valencia,Athletic Club,1,0,0.7444,0.351363,0.41358304944574537,0.42760415515020783,0.1588127954040423,w,1,0,1,17
Atletico Madrid,Valencia,2,0,2.80234,0.406631,0.8654622200858129,0.1013311406394765,0.03320634967381345,l,1,0,0,11
Valencia,Almeria,2,1,1.38646,1.5882,0.3341210825321993,0.2428317991217,0.42304711813914747,w,1,0,1,8
Las Palmas,Valencia,2,0,1.41954,0.251178,0.6751559937932738,0.26140565880956546,0.06343834735831592,l,1,0,0,11
Valencia,Getafe,1,0,1.27245,1.17773,0.3863195063070993,0.2728842817198897,0.34079621196141885,w,1,0,1,9
Villarreal,Valencia,1,0,2.1872,1.07722,0.6259102527734783,0.19744325401655485,0.17664648075938336,l,1,0,0,11
Valencia,Mallorca,0,0,1.33845,0.673736,0.5277807993577146,0.28432015405433847,0.18789904657060827,d,1,0,0,7
Granada,Valencia,0,1,0.729135,0.718558,0.3154434097728826,0.37539846385653075,0.30915812637058054,w,1,0,1,11
Osasuna,Valencia,0,1,2.26875,0.235711,0.8405663329351947,0.13162230552640336,0.027811341552054364,w,1,0,1,11
Valencia,Real Betis,1,2,0.951475,1.82123,0.19403304780997935,0.22777870873410877,0.5781882423335005,l,1,0,0,14
Barcelona,Valencia,4,2,2.59636,1.49346,0.6129841985670612,0.1794158547219183,0.20759983510874577,l,1,0,0,11
Valencia,Alaves,0,1,1.40821,1.16915,0.42458531209736566,0.2629986509949563,0.3124160368701966,l,1,0,0,5
Valencia,Rayo Vallecano,0,0,1.1633,0.785651,0.4464832743075954,0.3055317753076964,0.2479849503822078,d,1,0,0,12
Real Sociedad,Valencia,1,0,1.13192,0.774644,0.4396124545899622,0.3103800336843011,0.25000751172402685,l,1,0,0,11
Valencia,Girona,1,3,3.35606,2.90299,0.49014399099736183,0.16056535299860467,0.3492876140556118,l,1,0,0,16
Celta Vigo,Valencia,2,2,1.50162,2.16042,0.2663141604836833,0.20655202939712766,0.5271337994256652,d,1,0,0,11
Celta Vigo,Osasuna,0,2,0.783184,0.964645,0.2835315313524729,0.33275998720499156,0.38370848144234526,w,1,0,1,19
Osasuna,Athletic Club,0,2,1.33582,1.88906,0.2714379401709427,0.2242402513536528,0.5043218066350601,l,1,0,0,17
Valencia,Osasuna,1,2,1.87647,1.45939,0.4749199404266445,0.22393067789662796,0.3011493799511575,w,1,0,1,19
Osasuna,Barcelona,1,2,0.801843,1.77255,0.16575753768961973,0.22963609763611353,0.6046063638921274,l,1,0,0,15
Getafe,Osasuna,3,2,0.736469,1.29606,0.2119954752323893,0.2892476817698214,0.49875684298665535,l,1,0,0,19
Osasuna,Atletico Madrid,0,2,0.759357,1.22827,0.22926146380331835,0.2978925548462445,0.47284598134513456,l,1,0,0,1
Alaves,Osasuna,0,2,1.5824,1.26744,0.4471902237757937,0.24679002008574943,0.3060197559600853,w,1,0,1,19
Real Madrid,Osasuna,4,0,4.47802,0.164111,0.9793864277124458,0.018131846655385888,0.0024118863832259547,l,1,0,0,19
Osasuna,Granada,2,0,1.79846,0.776224,0.6170974319513848,0.22592579029179652,0.1569767768076548,w,1,0,1,0
Real Betis,Osasuna,2,1,1.43393,0.446425,0.6190152697519528,0.26696436591863426,0.11402036428482555,l,1,0,0,19
Osasuna,Girona,2,4,2.18398,2.78694,0.30688286483878197,0.17818051626492815,0.5149363362255757,l,1,0,0,16
Osasuna,Las Palmas,1,1,1.44069,0.291858,0.6678544268747191,0.2593785578933472,0.0727670151843884,d,1,0,0,13
Villarreal,Osasuna,3,1,2.84591,1.26437,0.7012015873921228,0.15528543161190958,0.14351263041528103,l,1,0,0,19
Cadiz,Osasuna,1,1,1.15321,1.81825,0.24066826921529724,0.22994524215131257,0.5293864875331119,d,1,0,0,19
Osasuna,Rayo Vallecano,1,0,1.77561,1.15316,0.5195176646417087,0.23348844882752465,0.24699388572821895,w,1,0,1,12
Mallorca,Osasuna,3,2,1.68391,1.5871,0.40491083940829253,0.23111739653708693,0.36397176348398214,l,1,0,0,19
Osasuna,Almeria,1,0,2.03356,0.239636,0.8054270804191398,0.15962263915772187,0.03495027560696505,w,1,0,1,8
Osasuna,Getafe,3,2,1.57055,1.50775,0.393979944186651,0.23933986960802628,0.3666801859632095,w,1,0,1,9
Barcelona,Osasuna,1,0,2.21737,1.41966,0.5561232028404178,0.20236747984575468,0.2415093024076255,l,1,0,0,19
Osasuna,Celta Vigo,0,3,1.00524,1.37845,0.2739334152693168,0.27168397055713933,0.45438261414724257,l,1,0,0,18
Real Sociedad,Osasuna,0,1,2.50503,0.704714,0.7662322409606537,0.14997762221383065,0.08379006588747677,w,1,0,1,19
Osasuna,Cadiz,2,0,1.37854,0.919753,0.4751315507898355,0.2742909366321115,0.2505775125519585,w,1,0,1,3
Las Palmas,Osasuna,1,1,0.942659,0.387933,0.48181750056986805,0.3701839618250852,0.14799853760491594,d,1,0,0,19
Osasuna,Alaves,1,0,1.71646,1.14533,0.5073748864580551,0.23845546059420236,0.2541696524370137,w,1,0,1,5
Girona,Osasuna,2,0,2.1772,0.185235,0.8406469349955324,0.13618299753785656,0.02317005573541005,l,1,0,0,19
Osasuna,Real Madrid,2,4,0.669756,3.05767,0.05177022027683537,0.10507360900193946,0.8431553250718863,l,1,0,0,2
Almeria,Osasuna,0,3,0.745696,1.00888,0.262732238338796,0.32973802889747483,0.4075297327633848,w,1,0,1,19
Osasuna,Valencia,0,1,2.26875,0.235711,0.8405663329351947,0.13162230552640336,0.027811341552054364,l,1,0,0,11
Rayo Vallecano,Osasuna,2,1,0.560289,0.930714,0.21257735611514336,0.3587760967316466,0.4286465471531008,l,1,0,0,19
Granada,Osasuna,3,0,2.31468,0.989028,0.6703492046457852,0.1831857560580161,0.14646501342723608,l,1,0,0,19
Osasuna,Real Betis,0,2,1.02463,1.44688,0.26742274716247866,0.26446898295245197,0.46810826983423504,l,1,0,0,14
Athletic Club,Osasuna,2,2,2.17034,1.05326,0.6280881940395076,0.19810754947066908,0.17380424522884036,d,1,0,0,19
Osasuna,Mallorca,1,1,0.428998,0.919263,0.16626393390013028,0.3726543150529699,0.46108175104680826,d,1,0,0,7
Atletico Madrid,Osasuna,1,4,1.76117,1.88434,0.36649610203085686,0.2174425773925209,0.41606131809492203,w,1,0,1,19
Cadiz,Alaves,1,0,0.822358,0.227442,0.48372266860140717,0.4185982430856041,0.09767908831297009,l,1,0,0,5
Alaves,Sevilla,4,3,2.17962,0.958638,0.6519159530888571,0.19382693708124418,0.15425709792820214,w,1,0,1,10
Getafe,Alaves,1,0,2.67029,0.860623,0.7571857716419109,0.14664729599734497,0.09616677368654437,l,1,0,0,5
Alaves,Valencia,1,0,1.90475,0.715753,0.6559219612210133,0.21136587287257672,0.13271216387197732,w,1,0,1,11
Rayo Vallecano,Alaves,2,0,2.64605,0.556231,0.8176913717297593,0.1265054369973516,0.05580304973935268,l,1,0,0,5
Alaves,Athletic Club,0,2,1.97317,1.77623,0.4323209546819972,0.21353110419829383,0.3541479370744538,l,1,0,0,17
Celta Vigo,Alaves,1,1,0.497466,2.39712,0.059254702900952416,0.14376945141504816,0.7969758051780279,d,1,0,0,5
Alaves,Osasuna,0,2,1.5824,1.26744,0.4471902237757937,0.24679002008574943,0.3060197559600853,l,1,0,0,19
Atletico Madrid,Alaves,2,1,1.94088,0.385398,0.7503878589348958,0.1855588143245078,0.06405332413289651,l,1,0,0,5
Alaves,Almeria,1,0,2.57982,0.893084,0.7365991449998217,0.15589617646983653,0.10750457563406432,w,1,0,1,8
Barcelona,Alaves,2,1,1.81139,1.83858,0.3856990811981742,0.21766096394552695,0.39663995253905093,l,1,0,0,5
Alaves,Granada,3,1,0.871813,1.13855,0.2786580481185141,0.30375428571633795,0.41758766616325926,w,1,0,1,0
Mallorca,Alaves,0,0,0.909609,0.277842,0.502960715207795,0.3870881331686271,0.10995115162349897,d,1,0,0,5
Alaves,Las Palmas,0,1,2.20546,0.473883,0.7733671119173715,0.16137170901159617,0.06526116520498047,l,1,0,0,13
Girona,Alaves,3,0,1.92988,0.546438,0.7052485056281194,0.19898513525225842,0.09576635670040193,l,1,0,0,5
Alaves,Real Madrid,0,1,0.388196,0.947483,0.14750596854027548,0.36897199343023973,0.4835220380293445,l,1,0,0,2
Sevilla,Alaves,2,3,2.49561,2.08895,0.47864123551181403,0.18922105119085514,0.3321376388230894,w,1,0,1,5
Alaves,Cadiz,1,0,1.83115,0.670357,0.6519327131594597,0.2179967683233484,0.13007051731084399,w,1,0,1,3
Almeria,Alaves,0,3,1.80182,2.061,0.3445973302513621,0.2094225876541453,0.4459800753810877,w,1,0,1,5
Alaves,Barcelona,1,3,1.04716,1.55781,0.2550218402568711,0.2535143504454686,0.4914638091594089,l,1,0,0,15
Alaves,Mallorca,1,1,0.501891,1.80166,0.09630193289343061,0.21283323458862974,0.6908648315460317,d,1,0,0,7
Osasuna,Alaves,1,0,1.71646,1.14533,0.5073748864580551,0.23845546059420236,0.2541696524370137,l,1,0,0,5
Alaves,Rayo Vallecano,1,0,0.640241,0.579451,0.31145516255893985,0.4154719383697122,0.2730728990713474,w,1,0,1,12
Athletic Club,Alaves,2,0,2.31129,1.38702,0.5817840222860449,0.19563158061857572,0.222584371681115,l,1,0,0,5
Alaves,Real Sociedad,0,1,0.142958,1.29248,0.039978542252855735,0.28406210676870264,0.675959350967728,l,1,0,0,4
Granada,Alaves,2,0,1.86823,0.279326,0.7660505646213276,0.1861306544776678,0.04781877932671751,l,1,0,0,5
Alaves,Atletico Madrid,2,0,0.521018,0.715212,0.23448439235793594,0.40923146782637887,0.3562841398156825,w,1,0,1,1
Alaves,Celta Vigo,3,0,3.41094,0.188273,0.9444394608859304,0.04793480025438634,0.007622593798395283,w,1,0,1,18
Valencia,Alaves,0,1,1.40821,1.16915,0.42458531209736566,0.2629986509949563,0.3124160368701966,w,1,0,1,5
Alaves,Girona,2,2,2.40148,1.53657,0.5679189097108875,0.19222136598749148,0.2398596827301659,d,1,0,0,16
Real Madrid,Alaves,5,0,2.88216,1.50657,0.6591764444534013,0.16226459147321515,0.17855855410965515,l,1,0,0,5
Alaves,Getafe,1,0,1.57753,0.658124,0.595917519567392,0.2502908189432167,0.15379166132614738,w,1,0,1,9
Las Palmas,Alaves,1,1,1.15618,2.23542,0.18664953977132873,0.19587661335647408,0.6174738303592218,d,1,0,0,5
Real Valladolid,Espanyol,1,0,1.17753,0.515586,0.5241999124150512,0.3137601460655905,0.16203994151640821,l,1,0,0,20
Espanyol,Real Sociedad,0,1,1.79566,0.796104,0.6113535233825973,0.22685413307638685,0.16179234261135406,l,1,0,0,4
Atletico Madrid,Espanyol,0,0,3.88587,0.855829,0.8870764248683141,0.07289372647915689,0.040015506656455625,d,1,0,0,20
Espanyol,Rayo Vallecano,2,1,1.84679,1.0088,0.5700454014356243,0.2262309517677126,0.20372364544563443,w,1,0,1,12
Espanyol,Alaves,3,2,1.95102,2.3693,0.3250609142807016,0.19502401449130716,0.4799150335457866,w,1,0,1,5
Real Madrid,Espanyol,4,1,4.89487,0.318831,0.9779494174291175,0.017881240552805888,0.003988227230160976,l,1,0,0,20
Espanyol,Villarreal,1,2,0.355072,1.96233,0.057411870478077734,0.1801072252278811,0.7624809012796914,l,1,0,0,6
Real Betis,Espanyol,1,0,1.97922,0.569387,0.7089401211460606,0.19446982050466555,0.096590054974829,l,1,0,0,20
Espanyol,Mallorca,2,1,0.948554,1.79839,0.1963101244505091,0.23001190295929502,0.573677971641389,w,1,0,1,7
Athletic Club,Espanyol,4,1,1.46517,0.500795,0.6113447736698228,0.2632163364916723,0.1254388897786693,l,1,0,0,20
Espanyol,Sevilla,0,2,1.0292,0.813306,0.3975685984196268,0.3214962189616959,0.2809351826182117,l,1,0,0,10
Barcelona,Espanyol,3,1,1.94398,0.787359,0.6459745115248585,0.21011896036772745,0.14390652544421512,l,1,0,0,20
Girona,Espanyol,4,1,3.28521,0.488285,0.8942489614311104,0.07751419808159668,0.02823482951102847,l,1,0,0,20
Espanyol,Celta Vigo,3,1,1.50136,1.55998,0.3671729552768157,0.24010763472139796,0.3927194097780675,w,1,0,1,18
Getafe,Espanyol,1,0,0.530268,1.17303,0.16722725597565796,0.3142188068299882,0.5185539371915568,l,1,0,0,20
Espanyol,Osasuna,0,0,0.298744,0.213917,0.2149131782112913,0.6377891661139665,0.147297655674742,d,1,0,0,19
Girona,Getafe,3,0,1.86612,0.754861,0.6375911373366395,0.21743985972676858,0.1449690013857179,l,1,0,0,9
Getafe,Alaves,1,0,2.67029,0.860623,0.7571857716419109,0.14664729599734497,0.09616677368654437,w,1,0,1,5
Real Madrid,Getafe,2,1,2.64665,0.893748,0.746697247758771,0.15057032862519995,0.10273228167924109,l,1,0,0,9
Getafe,Osasuna,3,2,0.736469,1.29606,0.2119954752323893,0.2892476817698214,0.49875684298665535,w,1,0,1,19
Real Sociedad,Getafe,4,3,2.13384,1.59398,0.5024817516874265,0.20808017199010245,0.2894380671024465,l,1,0,0,9
Athletic Club,Getafe,2,2,0.60877,1.30782,0.17335378104330784,0.28970938309582867,0.5369368358482568,d,1,0,0,9
Celta Vigo,Getafe,2,2,3.02859,1.00866,0.7770995112023341,0.1297151942600519,0.09318454183459549,d,1,0,0,9
Mallorca,Getafe,0,0,0.722341,0.292202,0.4209393881458025,0.44322923923445856,0.1358313726197361,d,1,0,0,9
Getafe,Cadiz,1,0,1.21452,0.821864,0.4527563314217789,0.29710564085765134,0.2501380277160194,w,1,0,1,3
Granada,Getafe,1,1,1.4404,2.30149,0.2343442057989472,0.19713502814095954,0.5685207419764791,d,1,0,0,9
Getafe,Almeria,2,1,1.39391,1.72918,0.31088121404834396,0.23403083884215917,0.45508794651761453,w,1,0,1,8
Las Palmas,Getafe,2,0,1.8817,0.76355,0.638743086418921,0.2160208799329698,0.14523603191652532,l,1,0,0,9
Getafe,Valencia,1,0,0.841976,0.183916,0.5058718416752095,0.41617403140974996,0.07795412691501427,w,1,0,1,11
Sevilla,Getafe,0,3,0.80788,2.83746,0.07850741304904167,0.13038630638634233,0.7911059426508702,w,1,0,1,9
Getafe,Rayo Vallecano,0,2,0.651184,2.73568,0.06369123035317922,0.1268261308428712,0.8094824241250675,l,1,0,0,12
Osasuna,Getafe,3,2,1.57055,1.50775,0.393979944186651,0.23933986960802628,0.3666801859632095,l,1,0,0,9
Getafe,Granada,2,0,1.03385,1.504,0.2603350805151925,0.25881033442326695,0.48085458497562533,w,1,0,1,0
Getafe,Real Madrid,0,2,0.791039,2.72231,0.08294664941231372,0.1379880553559073,0.7790650932768685,l,1,0,0,2
Getafe,Celta Vigo,3,2,2.22295,1.2733,0.5889643322050744,0.19970000099367888,0.21133565143384014,w,1,0,1,18
Barcelona,Getafe,4,0,2.65095,0.316762,0.8675460558956983,0.1045561874407509,0.02789761180674518,l,1,0,0,9
Getafe,Las Palmas,3,3,2.38804,1.37145,0.5999043064892311,0.19011245767739118,0.20998319722076816,d,1,0,0,13
Valencia,Getafe,1,0,1.27245,1.17773,0.3863195063070993,0.2728842817198897,0.34079621196141885,l,1,0,0,9
Getafe,Girona,1,0,1.10963,1.70185,0.24787853701320428,0.23991459497756817,0.512206867554307,w,1,0,1,16
Getafe,Sevilla,0,1,1.57791,0.901033,0.5323443147983349,0.25270547968544815,0.21495020535237183,l,1,0,0,10
Rayo Vallecano,Getafe,0,0,0.777828,0.25153,0.4573249284031686,0.43062223992517934,0.11205283167164327,d,1,0,0,9
Almeria,Getafe,1,3,2.748,1.67485,0.6036359579587858,0.1745877996106101,0.22177601502437239,w,1,0,1,9
Getafe,Athletic Club,0,2,4.41644,0.925588,0.9127937011811532,0.05617326572586215,0.030972992040126438,l,1,0,0,17
Cadiz,Getafe,1,0,1.42818,0.310309,0.6588392553297029,0.2627584127924685,0.07840233183562352,l,1,0,0,9
Getafe,Atletico Madrid,0,3,0.446969,1.67036,0.09424819982956462,0.2284374913853615,0.6773143084320776,l,1,0,0,1
Alaves,Getafe,1,0,1.57753,0.658124,0.595917519567392,0.2502908189432167,0.15379166132614738,l,1,0,0,9
Getafe,Mallorca,1,2,1.07908,1.34437,0.3001076236645845,0.272027931524537,0.42786444479158364,l,1,0,0,7
Celta Vigo,Osasuna,0,2,0.783184,0.964645,0.2835315313524729,0.33275998720499156,0.38370848144234526,l,1,0,0,19
Celta Vigo,Real Madrid,0,1,1.17827,1.6167,0.2781598588834698,0.24622606479170064,0.4756140760944674,l,1,0,0,2
Almeria,Celta Vigo,2,3,3.16421,1.96028,0.619377567775394,0.15933832880212256,0.22128281955013424,w,1,0,1,18
Celta Vigo,Mallorca,0,1,2.06489,0.853213,0.6544811534854896,0.20034604316517293,0.14517279746559086,l,1,0,0,7
Barcelona,Celta Vigo,3,2,1.82246,1.67938,0.41822264518857544,0.2221901447924093,0.3595872085071322,l,1,0,0,18
Las Palmas,Celta Vigo,2,1,1.46382,1.54337,0.36129783211444694,0.2424621672866381,0.39624000041847557,l,1,0,0,18
Celta Vigo,Atletico Madrid,0,3,1.26757,2.39246,0.1898598218552229,0.18714095608489897,0.6229991825404031,l,1,0,0,1
Girona,Celta Vigo,1,0,0.619488,0.174681,0.40692062722658645,0.5022032628917208,0.09087610988169234,l,1,0,0,18
Athletic Club,Celta Vigo,4,3,4.72334,2.25302,0.7735450734110619,0.10149251157207868,0.12483828309564951,l,1,0,0,18
Celta Vigo,Cadiz,1,1,2.73216,0.346727,0.8699381735180328,0.10107257695096342,0.028989038270440703,d,1,0,0,3
Rayo Vallecano,Celta Vigo,0,0,1.32415,0.126167,0.6904775889614639,0.2753386889562829,0.034183722067297785,d,1,0,0,18
Celta Vigo,Granada,1,0,1.33261,0.690175,0.5216512513900221,0.28496007302835685,0.19338867556529452,w,1,0,1,0
Villarreal,Celta Vigo,3,2,2.59564,1.98503,0.5166073271304786,0.18553826899473974,0.29785428923185836,l,1,0,0,18
Celta Vigo,Real Betis,2,1,2.54675,1.73674,0.5551396151440976,0.18643605523885792,0.2584242415891467,w,1,0,1,14
Mallorca,Celta Vigo,1,1,2.59976,0.711693,0.77855730633959,0.14235019786798525,0.07909238241494189,d,1,0,0,18
Celta Vigo,Real Sociedad,0,1,0.257377,0.630224,0.13046154913283475,0.4811694978745454,0.38836895299261914,l,1,0,0,4
Celta Vigo,Girona,0,1,1.03961,1.60712,0.2453540376512206,0.24898823690157754,0.5056577252368272,l,1,0,0,16
Osasuna,Celta Vigo,0,3,1.00524,1.37845,0.2739334152693168,0.27168397055713933,0.45438261414724257,w,1,0,1,18
Getafe,Celta Vigo,3,2,2.22295,1.2733,0.5889643322050744,0.19970000099367888,0.21133565143384014,l,1,0,0,18
Celta Vigo,Barcelona,1,2,0.636492,1.5046,0.15668162427371018,0.2600697494014121,0.5832486262389762,l,1,0,0,15
Cadiz,Celta Vigo,2,2,1.87476,0.680213,0.6587542819025693,0.2132113586655003,0.12803435778310052,d,1,0,0,18
Celta Vigo,Almeria,1,0,1.82317,0.3259,0.7443177074098931,0.19686409539186123,0.05881819605997361,w,1,0,1,8
Real Madrid,Celta Vigo,4,0,3.6885,0.53726,0.9152297668667593,0.06150602774319332,0.023256334407868437,l,1,0,0,18
Sevilla,Celta Vigo,1,2,1.75591,2.23423,0.3072121037973939,0.20219981029002299,0.4905880688255868,w,1,0,1,18
Celta Vigo,Rayo Vallecano,0,0,0.838396,0.515128,0.40656325149802675,0.3825353210559493,0.21090142744599913,d,1,0,0,12
Real Betis,Celta Vigo,2,1,1.22903,1.58129,0.2967134331407284,0.2478693137952502,0.455417252890093,l,1,0,0,18
Celta Vigo,Las Palmas,4,1,3.58931,0.90843,0.8554965058380611,0.09025151637715409,0.054246247459474393,w,1,0,1,13
Alaves,Celta Vigo,3,0,3.41094,0.188273,0.9444394608859304,0.04793480025438634,0.007622593798395283,l,1,0,0,18
Celta Vigo,Villarreal,3,2,4.41257,0.544766,0.9494334358842786,0.037254808183745027,0.013252288277936154,w,1,0,1,6
Atletico Madrid,Celta Vigo,1,0,1.81009,0.370026,0.7292730193322308,0.2023928722527677,0.06833410738074625,l,1,0,0,18
Celta Vigo,Athletic Club,2,1,0.758179,0.377111,0.41217427048700817,0.4199819990988446,0.16784373041414125,w,1,0,1,17
Granada,Celta Vigo,1,2,1.75765,2.02078,0.3420641515707351,0.21190052658256323,0.44603531671399776,w,1,0,1,18
Almeria,Rayo Vallecano,0,2,1.1196,2.09532,0.1960343171398686,0.20634387854265454,0.5976217971929199,w,1,0,1,12
Granada,Rayo Vallecano,0,2,0.837141,2.7851,0.08547859557570865,0.13625891066851264,0.7782622255083493,w,1,0,1,12
Rayo Vallecano,Atletico Madrid,0,7,0.542939,3.29424,0.03235180087748818,0.0811812266944281,0.8864648943370584,l,1,0,0,1
Real Betis,Rayo Vallecano,1,0,0.91924,1.53554,0.22579955344597688,0.25722127988311916,0.5169791665575523,l,1,0,0,12
Rayo Vallecano,Alaves,2,0,2.64605,0.556231,0.8176913717297593,0.1265054369973516,0.05580304973935268,w,1,0,1,5
Cadiz,Rayo Vallecano,0,0,0.35761,0.258447,0.24242336016842372,0.5911499691186779,0.16642667071289816,d,1,0,0,12
Rayo Vallecano,Mallorca,2,2,1.78616,1.33689,0.48064948954972336,0.2312886662306973,0.28806184333634743,d,1,0,0,7
Las Palmas,Rayo Vallecano,0,1,1.18559,1.25598,0.3462457343557926,0.27362105039385903,0.3801332152398931,w,1,0,1,12
Rayo Vallecano,Girona,1,2,1.67584,4.2691,0.09452370463490078,0.09762124533599999,0.8078137264362775,l,1,0,0,16
Athletic Club,Rayo Vallecano,4,0,1.6869,0.34629,0.7101205901985869,0.21931390693602654,0.07056550246242002,l,1,0,0,12
Osasuna,Rayo Vallecano,1,0,1.77561,1.15316,0.5195176646417087,0.23348844882752465,0.24699388572821895,l,1,0,0,12
Rayo Vallecano,Valencia,0,1,0.51265,0.33485,0.3101202096129513,0.5052563189899841,0.1846234713970646,l,1,0,0,11
Getafe,Rayo Vallecano,0,2,0.651184,2.73568,0.06369123035317922,0.1268261308428712,0.8094824241250675,w,1,0,1,12
Rayo Vallecano,Las Palmas,0,2,2.16832,0.786109,0.6907646545305469,0.18676527149500247,0.12247006284940365,l,1,0,0,13
Atletico Madrid,Rayo Vallecano,2,1,1.29884,0.426602,0.5872703487404809,0.29131487787638444,0.12141477337167028,l,1,0,0,12
Rayo Vallecano,Sevilla,1,2,2.1306,1.77647,0.4653688344719487,0.2068010258790494,0.3278301299881934,l,1,0,0,10
Mallorca,Rayo Vallecano,2,1,0.82898,1.40787,0.22109670204942022,0.2728766843639837,0.5060266135518796,l,1,0,0,12
Girona,Rayo Vallecano,3,0,2.81311,0.564655,0.8360651466951663,0.11405261359800402,0.04988193599936153,l,1,0,0,12
Rayo Vallecano,Cadiz,1,1,0.688061,1.21648,0.20971332393113662,0.3021489365633198,0.48813773950090816,d,1,0,0,3
Alaves,Rayo Vallecano,1,0,0.640241,0.579451,0.31145516255893985,0.4154719383697122,0.2730728990713474,l,1,0,0,12
Rayo Vallecano,Real Betis,2,0,0.790186,0.69375,0.34380189954841006,0.36915115190471476,0.2870469485468628,w,1,0,1,14
Rayo Vallecano,Osasuna,2,1,0.560289,0.930714,0.21257735611514336,0.3587760967316466,0.4286465471531008,w,1,0,1,19
Villarreal,Rayo Vallecano,3,0,1.98091,0.896929,0.6265626087612584,0.21041652444577919,0.16302086338034041,l,1,0,0,12
Rayo Vallecano,Almeria,0,1,2.09609,0.555982,0.7342472512262327,0.17994579746929248,0.08580694414713703,l,1,0,0,8
Rayo Vallecano,Granada,2,1,3.00296,0.933417,0.7880511416181653,0.12685589687285206,0.08509228299361618,w,1,0,1,0
Barcelona,Rayo Vallecano,3,0,1.69959,1.68527,0.389486638258891,0.22699105003424144,0.3835223108634822,l,1,0,0,12
Rayo Vallecano,Athletic Club,0,1,1.47462,0.930597,0.49828782641955505,0.2636402504798417,0.2380719230351784,l,1,0,0,17
Real Valladolid,Espanyol,1,0,1.17753,0.515586,0.5241999124150512,0.3137601460655905,0.16203994151640821,w,1,0,1,20
Real Madrid,Real Valladolid,3,0,2.17954,0.378528,0.7928149161793736,0.15580773767307754,0.05137733425168428,l,1,0,0,21
Real Valladolid,Leganes,0,0,0.773785,0.184577,0.47646481698660187,0.44028322076169724,0.08325196225169304,d,1,0,0,22
Barcelona,Real Valladolid,7,0,4.94022,0.422493,0.9730589200261314,0.020931562325640096,0.0058099913898405795,l,1,0,0,21
Celta Vigo,Real Valladolid,3,1,1.99273,0.382657,0.7605613048797208,0.17859470031276783,0.060843991117208916,l,1,0,0,21
Real Valladolid,Real Sociedad,0,0,0.952589,1.3906,0.25754746489107094,0.2720816987696691,0.47037083630980886,d,1,0,0,4
Sevilla,Real Valladolid,2,1,1.67099,0.411515,0.6876425473048355,0.22621589067621575,0.08614156166415832,l,1,0,0,21
Real Valladolid,Mallorca,1,2,1.31551,2.49026,0.18763372451831176,0.18158970414061792,0.6307765055151889,l,1,0,0,7
Real Valladolid,Rayo Vallecano,1,2,1.65842,1.64746,0.38729974942474876,0.2300146190861551,0.3826856308754085,l,1,0,0,12
Alaves,Real Valladolid,2,3,0.433035,2.33646,0.05274121431503521,0.14409216779539807,0.8031665887150864,w,1,0,1,21
Real Valladolid,Villarreal,1,2,0.97802,2.68435,0.11272682388427267,0.15256389233953105,0.73470911431998,l,1,0,0,6
Osasuna,Real Valladolid,1,0,3.21695,0.204092,0.9320641814627819,0.0579228045443617,0.010011450759274263,l,1,0,0,21
Real Valladolid,Athletic Club,1,1,0.887674,1.487,0.2248716571894945,0.26285115446072027,0.5122771882765362,d,1,0,0,17
Getafe,Real Valladolid,2,0,0.658487,0.729169,0.28632065539931334,0.3847140078868963,0.32896533671378564,l,1,0,0,21
Real Valladolid,Atletico Madrid,0,5,0.437294,3.40487,0.022078896939567296,0.06742784582461513,0.9104901778761917,l,1,0,0,1
Las Palmas,Real Valladolid,2,1,1.27625,1.30835,0.3600650556019989,0.264790520905797,0.37514442347052884,l,1,0,0,21
Real Valladolid,Valencia,1,0,0.531831,0.657242,0.24978908610670383,0.4206102823081584,0.3296006315851368,w,1,0,1,11
Cadiz,Levante,1,1,0.993589,0.915954,0.3622454574183223,0.31693579272689515,0.32081874985442177,d,1,0,0,23
Levante,Real Madrid,3,3,1.63837,2.14125,0.29752163360599965,0.20749166616101786,0.49498669051188054,d,1,0,0,2
Real Sociedad,Levante,1,0,0.855875,0.521015,0.41163657795548336,0.3780811127186089,0.21028230932587477,l,1,0,0,23
Levante,Rayo Vallecano,1,1,1.10993,2.7683,0.12628030627979725,0.1533796036080005,0.7203398412936032,d,1,0,0,12
Elche,Levante,1,1,0.536512,1.12463,0.17564687791701886,0.3230062201359694,0.5013469019454565,d,1,0,0,23
Levante,Celta Vigo,0,2,1.40702,0.739683,0.5291497731927998,0.27405464754912406,0.19679557922366128,l,1,0,0,18
Barcelona,Levante,3,0,3.11328,0.712689,0.8413396145968387,0.10460630241100001,0.05405303039261245,l,1,0,0,23
Mallorca,Levante,1,0,0.442135,1.43388,0.11287994156147466,0.2668447024295855,0.6202753559643744,l,1,0,0,23
Levante,Getafe,0,0,0.83295,0.557421,0.39336234413979504,0.3787181800820394,0.22791947577814262,d,1,0,0,9
Sevilla,Levante,5,3,1.82952,1.28779,0.501439695237843,0.2287272881893701,0.26983301537045157,l,1,0,0,23
Levante,Atletico Madrid,2,2,2.12426,1.33383,0.5555689014257936,0.20776813279754533,0.2366629572419419,d,1,0,0,1
Levante,Granada,0,3,1.33088,1.46089,0.3441856076362313,0.25262749170908194,0.40318690058115464,l,1,0,0,0
Alaves,Levante,2,1,1.53471,0.802633,0.5464950214414611,0.25761513769151606,0.19588984075457716,l,1,0,0,23
Levante,Athletic Club,0,0,0.630763,0.452179,0.33740394554897196,0.4422803763472168,0.22031567810381117,d,1,0,0,17
Real Betis,Levante,3,1,2.3097,0.645945,0.7490032354012564,0.16393125178807644,0.08706548764826072,l,1,0,0,23
Levante,Osasuna,0,0,0.510046,0.250564,0.3295442917980226,0.5290478771772227,0.1414078310247549,d,1,0,0,19
Espanyol,Levante,4,3,2.1352,3.38759,0.2238511655733219,0.15289328333435176,0.6232526430005277,l,1,0,0,23
Levante,Valencia,3,4,2.73541,2.10622,0.5197736101652018,0.18002893981915113,0.30019722797871573,l,1,0,0,11
Villarreal,Levante,5,0,4.19047,0.423407,0.951982760717732,0.03702550112598592,0.010958127036572023,l,1,0,0,23
Levante,Mallorca,2,0,1.32485,1.16534,0.4032281828669078,0.26961615851078263,0.3271556586046929,w,1,0,1,7
Levante,Cadiz,0,2,1.08487,0.911469,0.3917632577873846,0.30723130096136253,0.3010054412502314,l,1,0,0,3
Getafe,Levante,3,0,1.1718,0.556029,0.5108121628611254,0.3137096740989015,0.1754781630372171,l,1,0,0,23
Levante,Real Betis,2,4,1.66764,2.09703,0.31057221970801896,0.20955729060561504,0.4798704821416784,l,1,0,0,14
Atletico Madrid,Levante,0,1,1.10602,0.813252,0.4218944804548173,0.3114921263039207,0.26661339324001393,w,1,0,1,23
Celta Vigo,Levante,1,1,1.40465,1.54675,0.34624607354086123,0.244600563456109,0.4091533628443999,d,1,0,0,23
Levante,Elche,3,0,2.13075,1.0394,0.6233985644683184,0.20109903261462428,0.17550239405314388,w,1,0,1,24
Athletic Club,Levante,3,1,3.4866,0.552215,0.8997715498483443,0.07181503000732434,0.028409344355587576,l,1,0,0,23
Levante,Espanyol,1,1,1.25649,0.47916,0.5590688219518187,0.2995046884527687,0.1414264895881591,d,1,0,0,20
Osasuna,Levante,3,1,2.67397,1.21866,0.6829524871885285,0.16513832252756222,0.15190902884468366,l,1,0,0,23
Levante,Villarreal,2,0,1.71737,1.10171,0.517780714804603,0.23859368609511586,0.24362559858676494,w,1,0,1,6
Levante,Barcelona,2,3,2.98698,1.36074,0.7038772827508879,0.15032000395583384,0.14580207761302919,l,1,0,0,15
Granada,Levante,1,4,1.15642,4.45893,0.04398597274571215,0.06603095257435372,0.8899164124459782,w,1,0,1,23
Levante,Sevilla,2,3,2.62106,2.46009,0.43695928010193447,0.18155841114055388,0.3814821267528155,l,1,0,0,10
Valencia,Levante,1,1,0.737326,1.70278,0.15876650726768726,0.23610137997174604,0.605132112303595,d,1,0,0,23
Levante,Real Sociedad,2,1,2.22217,2.30649,0.3879529152365412,0.1934018674748446,0.41864517728300443,w,1,0,1,4
Real Madrid,Levante,6,0,4.89552,0.695945,0.9540600953808892,0.03235965493864112,0.013398881771187863,l,1,0,0,23
Levante,Alaves,3,1,2.14717,0.571687,0.7393914302557018,0.17540898821190143,0.08519957173789475,w,1,0,1,5
Rayo Vallecano,Levante,2,4,2.7327,3.28491,0.33145167566137546,0.1625900886519366,0.5059560151251179,w,1,0,1,23
Real Betis,Elche,3,0,3.99664,0.29379,0.9569712463152733,0.035169123323650214,0.00783988733250932,l,1,0,0,24
Elche,Almeria,1,1,0.899007,0.969747,0.3203736358126111,0.3211724359675683,0.3584539282195593,d,1,0,0,8
Elche,Real Sociedad,0,1,1.23504,1.81171,0.26048864789134824,0.2303442135538981,0.5091671375023904,l,1,0,0,4
Villarreal,Elche,4,0,3.5829,0.21919,0.9485562152682939,0.043613632681080775,0.007824540234449194,l,1,0,0,24
Elche,Athletic Club,1,4,0.748083,3.2386,0.052679029721422355,0.0993246158699855,0.8479946599630841,l,1,0,0,17
Barcelona,Elche,3,0,5.17903,0.0129931,0.9936579403442977,0.005941279509047282,7.519177078040858e-05,l,1,0,0,24
Rayo Vallecano,Elche,2,1,0.651238,0.924633,0.24591872187508437,0.35142091444595397,0.4026603636788617,l,1,0,0,24
Elche,Mallorca,1,1,0.334856,2.69714,0.02864537383879882,0.10264618058267216,0.8687082657436963,d,1,0,0,7
Valencia,Elche,2,2,3.04132,1.30317,0.7229085163980719,0.14437111095620173,0.13271958043794296,d,1,0,0,24
Elche,Real Madrid,0,3,1.04972,1.6151,0.24662932691294123,0.2481477477989793,0.5052229250631176,l,1,0,0,2
Espanyol,Elche,2,2,2.18547,0.318561,0.8086304004319754,0.14938022206621362,0.04198936517918351,d,1,0,0,24
Elche,Getafe,0,1,1.22713,0.372744,0.5823265677586926,0.30539604698448225,0.11227738525159657,l,1,0,0,9
Real Valladolid,Elche,2,1,2.81292,0.198499,0.9052065919592432,0.08078829878132879,0.014004805806102645,l,1,0,0,24
Elche,Girona,1,2,0.914455,2.20883,0.14286974494830762,0.18925898181942757,0.6678712590892377,l,1,0,0,16
Atletico Madrid,Elche,2,0,1.74436,0.568911,0.659957559284574,0.22433922773476414,0.11570321234935856,l,1,0,0,24
Elche,Celta Vigo,0,1,1.14494,1.9713,0.2173292808755755,0.21715504835914767,0.5655156675623162,l,1,0,0,18
Cadiz,Elche,1,1,1.40204,0.654686,0.5507880657507614,0.27508964549924264,0.17412228871721538,d,1,0,0,24
Elche,Osasuna,1,1,2.36237,0.607835,0.7663262199027817,0.15600554327214228,0.0776682032203757,d,1,0,0,19
Sevilla,Elche,3,0,3.27297,0.340633,0.9156737410589254,0.0664947460640354,0.017829589773589376,l,1,0,0,24
Elche,Villarreal,3,1,2.88986,1.48923,0.6638062204966535,0.16121945728001758,0.17497389856706178,w,1,0,1,6
Real Madrid,Elche,4,0,4.04364,0.619125,0.9256866760662267,0.05269411372485223,0.02159667879336369,l,1,0,0,24
Elche,Espanyol,0,1,1.60154,1.35887,0.432115320291903,0.24288977452935936,0.32499490495716293,l,1,0,0,20
Elche,Real Betis,2,3,0.883935,4.05176,0.03734692790048039,0.06750986740009038,0.8951201578457035,l,1,0,0,14
Mallorca,Elche,0,1,0.96231,0.957134,0.34323736296192375,0.3162822711212189,0.340480365916521,w,1,0,1,24
Elche,Real Valladolid,1,1,2.80287,0.246865,0.8955343651174243,0.08627452847044607,0.01819081613112465,d,1,0,0,21
Real Sociedad,Elche,2,0,2.69405,0.0819691,0.9172594455418664,0.07681874881294172,0.005921628369155769,l,1,0,0,24
Elche,Barcelona,0,4,0.508304,1.61804,0.11293738757533059,0.239480177118562,0.6475824350761643,l,1,0,0,15
Osasuna,Elche,2,1,1.68972,0.657812,0.6232356762768727,0.2353124948176833,0.14145182849333524,l,1,0,0,24
Girona,Elche,2,0,1.22906,0.577847,0.522292320060386,0.3031584328062794,0.17454924712799036,l,1,0,0,24
Elche,Valencia,0,2,0.795158,1.05313,0.2706131208220174,0.3197243992678308,0.40966247990952004,l,1,0,0,11
Celta Vigo,Elche,1,0,1.4351,1.48138,0.36625430885254195,0.24687967428911775,0.3868660167437389,l,1,0,0,24
Elche,Rayo Vallecano,4,0,3.37969,0.565048,0.8898705358994364,0.0781959418771332,0.03193070250930196,w,1,0,1,12
Almeria,Elche,2,1,1.82539,1.01416,0.5638891537741205,0.22832624345744496,0.20778460161122117,l,1,0,0,24
Elche,Atletico Madrid,1,0,2.28487,1.44785,0.563660344038232,0.1983107617310974,0.23802887228430786,w,1,0,1,1
Getafe,Elche,1,1,1.58846,1.34186,0.4325545037693337,0.24423364511546128,0.323211850918028,d,1,0,0,24
Elche,Sevilla,1,1,1.35854,0.889054,0.47723415491497767,0.2773757077043201,0.2453901373593687,d,1,0,0,10
Athletic Club,Elche,0,1,2.91389,0.769369,0.8082849955626811,0.12216879702443703,0.06954573836241527,w,1,0,1,24
Elche,Cadiz,1,1,1.534,2.22255,0.2639617501409513,0.20294266431059232,0.5330955701137466,d,1,0,0,3
Las Palmas,Mallorca,1,1,0.871699,1.49411,0.21961645843968391,0.26219933723834604,0.5181842042438239,d,1,0,0,7
Mallorca,Villarreal,0,1,0.370077,2.12458,0.05243971444777712,0.16133550730101287,0.7862247697162931,l,1,0,0,6
Granada,Mallorca,3,2,1.81377,2.50232,0.2790021777673086,0.18925632691302086,0.5317414242857995,l,1,0,0,7
Mallorca,Athletic Club,0,0,0.403052,0.645541,0.19596482021450012,0.44771281645193534,0.356322363333564,d,1,0,0,17
Celta Vigo,Mallorca,0,1,2.06489,0.853213,0.6544811534854896,0.20034604316517293,0.14517279746559086,w,1,0,1,7
Girona,Mallorca,5,3,4.19225,2.42602,0.6879114466246127,0.1269538513303979,0.1851008842505888,l,1,0,0,7
Real Sociedad,Mallorca,1,0,2.0056,2.03914,0.3907019691818863,0.20572491452517916,0.4035731072845633,l,1,0,0,7
Real Betis,Mallorca,2,0,2.84664,0.540374,0.8445151720831799,0.10958514949838648,0.04589932673220902,l,1,0,0,7
Atletico Madrid,Mallorca,1,0,2.29683,0.945212,0.6770977374766985,0.18274312509620064,0.14015911400941292,l,1,0,0,7
Mallorca,Cadiz,1,1,0.8514,0.251799,0.4880405905045011,0.4068459400659806,0.10511346942948721,d,1,0,0,3
Mallorca,Sevilla,1,0,0.533315,0.554467,0.2709534292670227,0.44421761221626543,0.28482895851671186,w,1,0,1,10
Almeria,Mallorca,0,0,0.314828,1.51369,0.073946169567392,0.2468289436860771,0.6792248866533003,d,1,0,0,7
Mallorca,Osasuna,3,2,1.68391,1.5871,0.40491083940829253,0.23111739653708693,0.36397176348398214,w,1,0,1,19
Real Madrid,Mallorca,1,0,1.87575,0.840414,0.6179752040044543,0.21940702318789027,0.1626177711472223,l,1,0,0,7
Mallorca,Real Betis,0,1,1.72961,0.400759,0.7037060361427014,0.21655292106208718,0.07974104223172632,l,1,0,0,14
Athletic Club,Mallorca,4,0,1.95995,0.469702,0.731413617779573,0.1898233771424605,0.07876300211143307,l,1,0,0,7
Mallorca,Rayo Vallecano,2,1,0.82898,1.40787,0.22109670204942022,0.2728766843639837,0.5060266135518796,w,1,0,1,12
Mallorca,Real Sociedad,1,2,0.188904,1.20859,0.05730231959512825,0.30696129303047326,0.6357363873701641,l,1,0,0,4
Mallorca,Girona,1,0,0.943297,1.08616,0.31048910867896,0.3047164789402136,0.3847944123797382,w,1,0,1,16
Barcelona,Mallorca,1,0,2.06225,0.504754,0.7411841075516112,0.18003493304061108,0.07878095362171302,l,1,0,0,7
Mallorca,Granada,1,0,1.65502,0.295993,0.7179345239949058,0.22076146968695773,0.06130400600633948,w,1,0,1,0
Mallorca,Real Madrid,0,1,0.592998,1.81161,0.11505572229559073,0.21669096186323553,0.6682533147952948,l,1,0,0,2
Sevilla,Mallorca,2,1,1.72842,0.879845,0.5744774813121042,0.23619600556250955,0.18932651256702104,l,1,0,0,7
Cadiz,Mallorca,1,1,0.441837,0.827497,0.1841667672956482,0.3935462518554314,0.4222869808488999,d,1,0,0,7
Mallorca,Atletico Madrid,0,1,0.328479,0.874778,0.13335128451675443,0.39287887744059996,0.4737698380426002,l,1,0,0,1
Mallorca,Las Palmas,1,0,0.45718,0.313172,0.2864325865614689,0.5315292407964249,0.18203817264210603,w,1,0,1,13
Mallorca,Almeria,2,2,2.45608,0.238391,0.8628514956621884,0.11332828062487456,0.02382016849925884,d,1,0,0,8
Getafe,Mallorca,1,2,1.07908,1.34437,0.3001076236645845,0.272027931524537,0.42786444479158364,w,1,0,1,7
Villarreal,Atletico Madrid,2,2,0.68684,1.13868,0.22146002327861355,0.31404438553763375,0.4644955911819023,d,1,0,0,1
Atletico Madrid,Girona,3,0,1.42393,0.596524,0.5729525624433013,0.2715206969431175,0.1555267405730616,w,1,0,1,16
Athletic Club,Atletico Madrid,0,1,0.252231,1.58613,0.05497418343340201,0.22937596473702396,0.7156498516538733,w,1,0,1,1
Atletico Madrid,Valencia,3,0,3.22965,0.18311,0.9357719577510485,0.055513616405743406,0.008712786791534113,w,1,0,1,11
Rayo Vallecano,Atletico Madrid,1,1,1.68952,0.554066,0.6515576942040627,0.23117979968308958,0.11726250570139483,d,1,0,0,1
Celta Vigo,Atletico Madrid,0,1,1.76126,0.778357,0.6080614600858799,0.2302810669152404,0.16165747228072042,w,1,0,1,1
Atletico Madrid,Real Madrid,1,1,1.05477,0.660987,0.444375121889515,0.3288223509708544,0.22680252713899565,d,1,0,0,2
Real Sociedad,Atletico Madrid,1,1,1.08517,0.561748,0.48135391598929705,0.3292323356616365,0.18941374834812197,d,1,0,0,1
Atletico Madrid,Leganes,3,1,5.21397,0.271901,0.9847893659643133,0.012462599859347601,0.0023992126415518867,w,1,0,1,22
Real Betis,Atletico Madrid,1,0,2.20384,0.555217,0.7531800531669416,0.1680646733980962,0.07875525970024955,l,1,0,0,1
Atletico Madrid,Las Palmas,2,0,1.73469,0.0329044,0.8134956500487299,0.18062903261308702,0.005875316752134629,w,1,0,1,13
Mallorca,Atletico Madrid,0,1,0.735147,0.93863,0.27237232948187284,0.3410551148702457,0.3865725556477547,w,1,0,1,1
Atletico Madrid,Alaves,2,1,2.05318,0.785902,0.6686424002759486,0.19846660578720293,0.13289098847510075,w,1,0,1,5
Real Valladolid,Atletico Madrid,0,5,0.437294,3.40487,0.022078896939567296,0.06742784582461513,0.9104901778761917,w,1,0,1,1
Atletico Madrid,Sevilla,4,3,2.32183,0.635773,0.7533684415981035,0.16201198178763465,0.08461954969994366,w,1,0,1,10
Atletico Madrid,Getafe,1,0,1.85376,0.238672,0.7748231477195157,0.18432152952424263,0.040855321336273204,w,1,0,1,9
Mallorca,Real Madrid,1,1,1.30561,0.608052,0.5364971293426587,0.2900692454479448,0.17343362519708,d,1,0,0,2
Real Madrid,Real Valladolid,3,0,2.17954,0.378528,0.7928149161793736,0.15580773767307754,0.05137733425168428,w,1,0,1,21
Las Palmas,Real Madrid,1,1,0.809213,3.28322,0.05700184999801187,0.10084013378039698,0.8421560197721488,d,1,0,0,2
Real Madrid,Real Betis,2,0,2.37168,0.831429,0.7163806187816663,0.17007583651060812,0.11354350936748495,w,1,0,1,14
Real Sociedad,Real Madrid,0,2,1.41828,2.2759,0.23335688768578602,0.19849460383382714,0.5681484876283929,w,1,0,1,2
Real Madrid,Espanyol,4,1,4.89487,0.318831,0.9779494174291175,0.017881240552805888,0.003988227230160976,w,1,0,1,20
Real Madrid,Alaves,3,2,1.79791,0.853455,0.5972715734012928,0.2281500265806747,0.17457839907270598,w,1,0,1,5
Real Madrid,Villarreal,2,0,0.459582,1.4618,0.11492689354395881,0.26256730460989036,0.6225058017881645,w,1,0,1,6
Celta Vigo,Real Madrid,1,2,1.79112,1.19816,0.5127806431340508,0.2321006661243182,0.25511868983907704,w,1,0,1,2
Real Madrid,Barcelona,0,4,1.40359,2.51566,0.20076580992777676,0.1823319649984941,0.6169021501921853,l,1,0,0,15
Real Madrid,Osasuna,4,0,3.27315,0.0678926,0.9535130689755996,0.04371470093161122,0.0027703057224228414,w,1,0,1,19
Leganes,Real Madrid,0,3,0.108948,2.73014,0.007763572690608471,0.07721015027329463,0.9150260677148944,w,1,0,1,2
Real Madrid,Getafe,2,0,3.23626,0.34657,0.9123040783943575,0.06888490896741048,0.018809332835250527,w,1,0,1,9
Athletic Club,Real Madrid,2,1,2.08134,1.97732,0.41735724368022564,0.2051278746563073,0.3775148718045752,l,1,0,0,2
Girona,Real Madrid,0,3,0.351337,1.16034,0.11187234573636942,0.3200363467166416,0.5680913075445851,w,1,0,1,2
Rayo Vallecano,Real Madrid,3,3,1.60769,1.15429,0.47888047311216236,0.24738583932367328,0.27373368735106524,d,1,0,0,2
Valencia,Barcelona,1,2,1.55206,3.48824,0.13143847043384158,0.12955703039456404,0.7390004006092042,w,1,0,1,15
Barcelona,Athletic Club,2,1,2.41577,1.09985,0.663878721428977,0.17954588890479503,0.15657534494643438,w,1,0,1,17
Rayo Vallecano,Barcelona,1,2,0.392473,1.51872,0.09288890115979889,0.2501030711219675,0.6570080276207054,w,1,0,1,15
Barcelona,Real Valladolid,7,0,4.94022,0.422493,0.9730589200261314,0.020931562325640096,0.0058099913898405795,w,1,0,1,21
Girona,Barcelona,1,4,1.09568,2.5936,0.13897615710674766,0.16556577195962435,0.6954579608917777,w,1,0,1,15
Villarreal,Barcelona,1,5,2.39605,4.1937,0.18118114359364434,0.12610140945804432,0.6926835056753563,w,1,0,1,15
Barcelona,Getafe,1,0,2.20799,0.929851,0.6641035893078768,0.1900246941442409,0.14587170247431652,w,1,0,1,9
Osasuna,Barcelona,4,2,2.50067,0.751814,0.7551629626615223,0.153616285458865,0.09122068249109418,l,1,0,0,15
Alaves,Barcelona,0,3,0.794829,2.49367,0.09838240132644804,0.15705534945742813,0.7445621822512656,w,1,0,1,15
Barcelona,Sevilla,5,1,4.08528,0.599652,0.9299444494673936,0.05011434156099779,0.019915922498675378,w,1,0,1,10
Real Madrid,Barcelona,0,4,1.40359,2.51566,0.20076580992777676,0.1823319649984941,0.6169021501921853,w,1,0,1,15
Barcelona,Espanyol,3,1,1.94398,0.787359,0.6459745115248585,0.21011896036772745,0.14390652544421512,w,1,0,1,20
Real Sociedad,Barcelona,1,0,1.88518,0.514102,0.704888953905003,0.20252621989346237,0.09258482442704942,l,1,0,0,15
Celta Vigo,Barcelona,2,2,2.75981,1.93782,0.5553127254672748,0.1779767831775326,0.2667102493112716,d,1,0,0,15
Barcelona,Las Palmas,1,2,2.18354,0.599185,0.7389545954210166,0.1734738918315617,0.08757150056519639,l,1,0,0,13
Mallorca,Barcelona,1,5,0.921728,5.38074,0.01527167427065208,0.030752380454898174,0.9534955919855136,w,1,0,1,15
Real Betis,Barcelona,2,2,2.76257,1.54117,0.6324683926716026,0.17050627480455496,0.19702508991789777,d,1,0,0,15
Barcelona,Leganes,0,1,2.16597,0.77236,0.6936420807234817,0.18624836703328854,0.1201095412737518,l,1,0,0,22
Las Palmas,Sevilla,2,2,1.3187,2.09987,0.2368640222777589,0.2093378619751017,0.55379810840539,d,1,0,0,10
Sevilla,Villarreal,1,2,1.23826,1.39825,0.3323912565668073,0.26078781933063805,0.4068209240650422,l,1,0,0,6
Mallorca,Sevilla,0,0,0.940858,0.60976,0.4191024439164038,0.3524145885099701,0.22848296757349892,d,1,0,0,10
Sevilla,Girona,0,2,0.812687,2.36355,0.11100492485228848,0.16970938855368284,0.7192856527737158,l,1,0,0,16
Sevilla,Getafe,1,0,1.64801,0.971555,0.532276443865597,0.24532365747590937,0.22239989836381344,w,1,0,1,9
Alaves,Sevilla,2,1,1.40641,0.623937,0.5604997015903693,0.2743768115054901,0.1651234868699339,l,1,0,0,10
Sevilla,Real Valladolid,2,1,1.67099,0.411515,0.6876425473048355,0.22621589067621575,0.08614156166415832,w,1,0,1,21
Athletic Club,Sevilla,1,1,1.82961,1.24147,0.5118271445354649,0.22895420265971214,0.25921865160575475,d,1,0,0,10
Sevilla,Real Betis,1,0,1.8284,0.436615,0.7144371309987608,0.20480069252720873,0.08076217529155315,w,1,0,1,14
Barcelona,Sevilla,5,1,4.08528,0.599652,0.9299444494673936,0.05011434156099779,0.019915922498675378,l,1,0,0,10
Espanyol,Sevilla,0,2,1.0292,0.813306,0.3975685984196268,0.3214962189616959,0.2809351826182117,w,1,0,1,10
Sevilla,Real Sociedad,0,2,0.629505,1.21835,0.19169917931535957,0.30367258145034115,0.5046282392295656,l,1,0,0,4
Leganes,Sevilla,1,0,1.09319,0.539924,0.49013207626965327,0.32877557687988684,0.18109234684941286,l,1,0,0,10
Sevilla,Rayo Vallecano,1,0,1.57063,0.862262,0.5403160980278373,0.25351525747299747,0.20616864434528814,w,1,0,1,12
Sevilla,Osasuna,1,1,1.09081,1.04839,0.3627215050317006,0.2961623422676715,0.34111615269903034,d,1,0,0,19
Atletico Madrid,Sevilla,4,3,2.32183,0.635773,0.7533684415981035,0.16201198178763465,0.08461954969994366,l,1,0,0,10
Sevilla,Celta Vigo,1,0,0.487466,0.928845,0.18649160750679603,0.3655330039253743,0.44797538856772356,w,1,0,1,18
Sevilla,Villarreal,1,2,1.23826,1.39825,0.3323912565668073,0.26078781933063805,0.4068209240650422,w,1,0,1,6
Villarreal,Celta Vigo,4,3,4.3817,3.79183,0.5109404393996179,0.13904322949385536,0.349950438365327,w,1,0,1,18
Valencia,Villarreal,1,1,1.14322,0.885369,0.41573448642152067,0.3023662955615944,0.28189921801487666,d,1,0,0,6
Mallorca,Villarreal,1,2,0.345425,2.41884,0.037723641792054265,0.1277547291076368,0.8345215836512714,w,1,0,1,6
Villarreal,Barcelona,1,5,2.39605,4.1937,0.18118114359364434,0.12610140945804432,0.6926835056753563,l,1,0,0,15
Espanyol,Villarreal,1,2,0.355072,1.96233,0.057411870478077734,0.1801072252278811,0.7624809012796914,w,1,0,1,6
Villarreal,Las Palmas,3,1,4.07869,0.802357,0.9067197021219385,0.06186055694045068,0.0313949093449804,w,1,0,1,13
Real Madrid,Villarreal,2,0,0.459582,1.4618,0.11492689354395881,0.26256730460989036,0.6225058017881645,l,1,0,0,6
Villarreal,Getafe,1,1,1.14683,2.02638,0.21045884967900594,0.21262502127152302,0.5769161244495257,d,1,0,0,9
Real Valladolid,Villarreal,1,2,0.97802,2.68435,0.11272682388427267,0.15256389233953105,0.73470911431998,w,1,0,1,6
Villarreal,Alaves,3,0,1.44293,0.608571,0.5747063047954307,0.2687526481375005,0.15654104701850385,w,1,0,1,5
Osasuna,Villarreal,2,2,1.3273,2.68193,0.16927597114504386,0.16883063162942513,0.661893229655784,d,1,0,0,6
Villarreal,Girona,2,2,1.96842,0.516301,0.7207282441615273,0.19216899764910314,0.08710275504944119,d,1,0,0,16
Athletic Club,Villarreal,2,0,1.31484,0.796459,0.4884575148963037,0.28520055566033803,0.2263419294297754,l,1,0,0,6
Villarreal,Real Betis,1,2,1.60957,1.6735,0.37110513568531955,0.23079474712607762,0.39810011661236283,l,1,0,0,14
Real Betis,Girona,1,1,1.80582,1.54726,0.4407924353512774,0.22630841879938657,0.3328991447215405,d,1,0,0,16
Alaves,Real Betis,0,0,0.172545,1.36012,0.04548793330091614,0.2696933316794304,0.6848187349980346,d,1,0,0,14
Real Madrid,Real Betis,2,0,2.37168,0.831429,0.7163806187816663,0.17007583651060812,0.11354350936748495,l,1,0,0,14
Real Betis,Leganes,2,0,1.72201,0.107021,0.7886181126397198,0.1915521617350512,0.01982972509401753,w,1,0,1,22
Real Betis,Getafe,2,1,3.06176,0.864309,0.8081869623638722,0.1184578080143907,0.0733543701036943,w,1,0,1,9
Real Betis,Mallorca,1,2,1.37084,1.4369,0.35891660099918227,0.25224764904050123,0.3888357498903721,l,1,0,0,7
Las Palmas,Real Betis,1,1,1.10799,2.66646,0.1345533701579632,0.16069701783645662,0.7047494561575729,d,1,0,0,14
Real Betis,Espanyol,1,0,1.97922,0.569387,0.7089401211460606,0.19446982050466555,0.096590054974829,w,1,0,1,20
Sevilla,Real Betis,1,0,1.8284,0.436615,0.7144371309987608,0.20480069252720873,0.08076217529155315,l,1,0,0,14
Osasuna,Real Betis,1,2,2.21025,2.79181,0.31087481532049965,0.17802493788273496,0.5110999561523377,w,1,0,1,14
Real Betis,Atletico Madrid,1,0,2.20384,0.555217,0.7531800531669416,0.1680646733980962,0.07875525970024955,w,1,0,1,1
Athletic Club,Real Betis,1,1,4.2033,1.54499,0.819828970200595,0.09469234004642706,0.0854439140432518,d,1,0,0,14
Real Betis,Celta Vigo,2,2,1.65065,0.941675,0.5402951531920342,0.24500847761035685,0.21469636889658444,d,1,0,0,18
Valencia,Real Betis,4,2,1.67338,1.05242,0.5188817499450072,0.24272806362147148,0.23839018607123347,l,1,0,0,14
Real Sociedad,Real Betis,2,0,0.818081,0.366137,0.44000332192254066,0.40473292075802547,0.15526375731941655,l,1,0,0,14
Villarreal,Real Betis,1,2,1.60957,1.6735,0.37110513568531955,0.23079474712607762,0.39810011661236283,w,1,0,1,14
Real Sociedad,Rayo Vallecano,1,2,1.56608,1.60148,0.3746123055443384,0.23558182646990358,0.38980586763771735,l,1,0,0,12
Espanyol,Real Sociedad,0,1,1.79566,0.796104,0.6113535233825973,0.22685413307638685,0.16179234261135406,w,1,0,1,4
Real Sociedad,Alaves,1,2,0.951647,2.62561,0.11315788484508996,0.15563059892770081,0.7312113878250424,l,1,0,0,5
Getafe,Real Sociedad,0,0,0.547095,0.0209183,0.4147997918649417,0.5731535743694548,0.012046633765603483,d,1,0,0,4
Real Sociedad,Real Madrid,0,2,1.41828,2.2759,0.23335688768578602,0.19849460383382714,0.5681484876283929,l,1,0,0,2
Mallorca,Real Sociedad,1,0,1.56932,0.499139,0.638360298896488,0.24653362561693695,0.11510607533446233,l,1,0,0,4
Real Sociedad,Valencia,3,0,3.6853,0.805963,0.8786701932395781,0.07907549119344585,0.04224652343476125,w,1,0,1,11
Girona,Real Sociedad,0,1,0.446152,1.86082,0.08056413156551688,0.20104289289942895,0.7183929740416113,w,1,0,1,4
Real Sociedad,Osasuna,0,2,1.6767,1.06487,0.5167179374273704,0.2423725169551723,0.2409095452452953,l,1,0,0,19
Sevilla,Real Sociedad,0,2,0.629505,1.21835,0.19169917931535957,0.30367258145034115,0.5046282392295656,w,1,0,1,4
Real Sociedad,Barcelona,1,0,1.88518,0.514102,0.704888953905003,0.20252621989346237,0.09258482442704942,w,1,0,1,15
Athletic Club,Real Sociedad,1,0,1.65075,0.799084,0.5764997205204616,0.24368053302533274,0.17981974615305174,l,1,0,0,4
Real Sociedad,Real Betis,2,0,0.818081,0.366137,0.44000332192254066,0.40473292075802547,0.15526375731941655,w,1,0,1,14
Leganes,Real Sociedad,0,3,0.463722,1.74462,0.0923813423751871,0.21846034248099058,0.6891583145112599,w,1,0,1,4
Real Sociedad,Las Palmas,0,0,1.24562,0.840973,0.4571174925789781,0.2923982832837472,0.250484224130817,d,1,0,0,13
Valencia,Barcelona,1,2,1.55206,3.48824,0.13143847043384158,0.12955703039456404,0.7390004006092042,l,1,0,0,15
Celta Vigo,Valencia,3,1,1.30571,1.1544,0.4004498697878656,0.27164998650580113,0.32790014369176657,l,1,0,0,11
Athletic Club,Valencia,1,0,1.51595,0.0996371,0.7476380305654843,0.22995066007759518,0.02241130926178157,l,1,0,0,11
Atletico Madrid,Valencia,3,0,3.22965,0.18311,0.9357719577510485,0.055513616405743406,0.008712786791534113,l,1,0,0,11
Valencia,Girona,2,0,0.350785,0.387698,0.21392113669407845,0.5450667523349414,0.24101211097098008,w,1,0,1,16
Valencia,Osasuna,0,0,1.17527,0.377552,0.5647178247819009,0.31651050019495003,0.11877167502027726,d,1,0,0,19
Real Sociedad,Valencia,3,0,3.6853,0.805963,0.8786701932395781,0.07907549119344585,0.04224652343476125,l,1,0,0,11
Leganes,Valencia,0,0,0.913168,0.703751,0.38549596656108115,0.3480993903537217,0.266404643085112,d,1,0,0,11
Valencia,Las Palmas,2,3,1.94417,1.56861,0.467211686377026,0.21861706125981484,0.3141712495453512,l,1,0,0,13
Getafe,Valencia,1,1,2.97825,0.63831,0.8404146210516981,0.10803409949181596,0.0515506661671716,d,1,0,0,11
Valencia,Real Betis,4,2,1.67338,1.05242,0.5188817499450072,0.24272806362147148,0.23839018607123347,w,1,0,1,14
Mallorca,Valencia,2,1,0.721435,1.33443,0.2020259358163412,0.28421480715942693,0.5137592570075946,l,1,0,0,11
Valencia,Rayo Vallecano,0,1,1.0002,1.02294,0.3409008249894381,0.3063442149887926,0.35275496002105544,l,1,0,0,12
Real Valladolid,Valencia,1,0,0.531831,0.657242,0.24978908610670383,0.4206102823081584,0.3296006315851368,l,1,0,0,11
Osasuna,Leganes,1,1,1.7631,1.33949,0.4747315158972965,0.23281211529607604,0.29245636806086533,d,1,0,0,22
Osasuna,Mallorca,1,0,0.887678,0.427602,0.44959185184682404,0.3803611896657017,0.17004695848741844,w,1,0,1,7
Girona,Osasuna,4,0,2.6015,0.0199618,0.921974902564376,0.07652098828727043,0.0015039948119087638,l,1,0,0,19
Osasuna,Celta Vigo,3,2,0.779621,1.72329,0.16635031733067238,0.2347440840482188,0.5989055980845743,w,1,0,1,18
Rayo Vallecano,Osasuna,3,1,1.48433,0.530311,0.6078505583603266,0.26090789260425695,0.131241548963993,l,1,0,0,19
Osasuna,Las Palmas,2,1,1.97167,1.28282,0.534325007109535,0.21835816753908954,0.2473168221328314,w,1,0,1,13
Osasuna,Barcelona,4,2,2.50067,0.751814,0.7551629626615223,0.153616285458865,0.09122068249109418,w,1,0,1,15
Getafe,Osasuna,1,1,1.34832,0.247706,0.6571244771647723,0.2762666351200849,0.06660888769596278,d,1,0,0,19
Osasuna,Real Betis,1,2,2.21025,2.79181,0.31087481532049965,0.17802493788273496,0.5110999561523377,l,1,0,0,14
Real Sociedad,Osasuna,0,2,1.6767,1.06487,0.5167179374273704,0.2423725169551723,0.2409095452452953,w,1,0,1,19
Osasuna,Real Valladolid,1,0,3.21695,0.204092,0.9320641814627819,0.0579228045443617,0.010011450759274263,w,1,0,1,21
Real Madrid,Osasuna,4,0,3.27315,0.0678926,0.9535130689755996,0.04371470093161122,0.0027703057224228414,l,1,0,0,19
Osasuna,Alaves,2,2,2.31345,1.50067,0.5582238941900386,0.19714973921921364,0.24462634081524715,d,1,0,0,5
Celta Vigo,Alaves,2,1,0.793797,1.9391,0.14576172141687238,0.2109106995799831,0.6433275764268154,l,1,0,0,5
Real Sociedad,Alaves,1,2,0.951647,2.62561,0.11315788484508996,0.15563059892770081,0.7312113878250424,w,1,0,1,5
Alaves,Las Palmas,2,0,2.01026,0.547308,0.7206224030254067,0.1892776475711838,0.09009994526303865,w,1,0,1,13
Espanyol,Alaves,3,2,1.95102,2.3693,0.3250609142807016,0.19502401449130716,0.4799150335457866,l,1,0,0,5
Alaves,Sevilla,2,1,1.40641,0.623937,0.5604997015903693,0.2743768115054901,0.1651234868699339,w,1,0,1,10
Real Madrid,Alaves,3,2,1.79791,0.853455,0.5972715734012928,0.2281500265806747,0.17457839907270598,l,1,0,0,5
Getafe,Alaves,2,0,2.55847,0.415348,0.8365734001777234,0.12166767349450916,0.04175883367415542,l,1,0,0,5
Alaves,Barcelona,0,3,0.794829,2.49367,0.09838240132644804,0.15705534945742813,0.7445621822512656,l,1,0,0,15
Alaves,Real Valladolid,2,3,0.433035,2.33646,0.05274121431503521,0.14409216779539807,0.8031665887150864,l,1,0,0,21
Rayo Vallecano,Alaves,1,0,2.89009,0.871439,0.7854514367386122,0.13078151574336094,0.08376662352076009,l,1,0,0,5
Alaves,Mallorca,1,0,1.43582,0.708287,0.5454004328296826,0.2702799879903975,0.18431957913452077,w,1,0,1,7
Villarreal,Alaves,3,0,1.44293,0.608571,0.5747063047954307,0.2687526481375005,0.15654104701850385,l,1,0,0,5
Atletico Madrid,Alaves,2,1,2.05318,0.785902,0.6686424002759486,0.19846660578720293,0.13289098847510075,l,1,0,0,5
Alaves,Leganes,1,1,1.28884,1.3688,0.3512915059177094,0.260318230861057,0.3883902631873375,d,1,0,0,22
Alaves,Athletic Club,1,1,0.803776,0.843706,0.3152132077483444,0.34697786740076786,0.33780892485084674,d,1,0,0,17
Athletic Club,Getafe,1,1,0.290195,0.537517,0.15835163188704485,0.5079259560932485,0.3337224120197066,d,1,0,0,9
Getafe,Rayo Vallecano,0,0,0.512723,0.161076,0.35453040971264105,0.5527459653133889,0.09272362497396971,d,1,0,0,12
Sevilla,Getafe,1,0,1.64801,0.971555,0.532276443865597,0.24532365747590937,0.22239989836381344,l,1,0,0,9
Real Betis,Getafe,2,1,3.06176,0.864309,0.8081869623638722,0.1184578080143907,0.0733543701036943,l,1,0,0,9
Getafe,Leganes,1,1,1.24276,0.783211,0.47096775393264945,0.2950401347519435,0.23399211130916694,d,1,0,0,22
Barcelona,Getafe,1,0,2.20799,0.929851,0.6641035893078768,0.1900246941442409,0.14587170247431652,l,1,0,0,9
Getafe,Alaves,2,0,2.55847,0.415348,0.8365734001777234,0.12166767349450916,0.04175883367415542,w,1,0,1,5
Celta Vigo,Getafe,1,0,2.12477,0.424746,0.7723979384739085,0.16621644751014444,0.06138560547108286,l,1,0,0,9
Getafe,Girona,0,1,0.220796,0.521025,0.12430870581071606,0.5326292965454023,0.3430619976438815,l,1,0,0,16
Getafe,Real Valladolid,2,0,0.658487,0.729169,0.28632065539931334,0.3847140078868963,0.32896533671378564,w,1,0,1,21
Real Madrid,Getafe,2,0,3.23626,0.34657,0.9123040783943575,0.06888490896741048,0.018809332835250527,l,1,0,0,9
Getafe,Espanyol,1,0,0.530268,1.17303,0.16722725597565796,0.3142188068299882,0.5185539371915568,w,1,0,1,20
Atletico Madrid,Getafe,1,0,1.85376,0.238672,0.7748231477195157,0.18432152952424263,0.040855321336273204,l,1,0,0,9
Celta Vigo,Alaves,2,1,0.793797,1.9391,0.14576172141687238,0.2109106995799831,0.6433275764268154,w,1,0,1,5
Celta Vigo,Valencia,3,1,1.30571,1.1544,0.4004498697878656,0.27164998650580113,0.32790014369176657,w,1,0,1,11
Villarreal,Celta Vigo,4,3,4.3817,3.79183,0.5109404393996179,0.13904322949385536,0.349950438365327,l,1,0,0,18
Osasuna,Celta Vigo,3,2,0.779621,1.72329,0.16635031733067238,0.2347440840482188,0.5989055980845743,l,1,0,0,18
Celta Vigo,Real Valladolid,3,1,1.99273,0.382657,0.7605613048797208,0.17859470031276783,0.060843991117208916,w,1,0,1,21
Athletic Club,Celta Vigo,3,1,0.864304,1.21547,0.2625387042411096,0.2950085789641821,0.442452716790089,l,1,0,0,18
Celta Vigo,Atletico Madrid,0,1,1.76126,0.778357,0.6080614600858799,0.2302810669152404,0.16165747228072042,l,1,0,0,1
Celta Vigo,Girona,1,1,0.52399,1.41269,0.13706464186557443,0.27236332274728536,0.5905720353507826,d,1,0,0,16
Las Palmas,Celta Vigo,0,1,0.964894,0.814163,0.3764218588598335,0.3298323217519163,0.2937458193880525,w,1,0,1,18
Celta Vigo,Real Madrid,1,2,1.79112,1.19816,0.5127806431340508,0.2321006661243182,0.25511868983907704,l,1,0,0,2
Leganes,Celta Vigo,3,0,1.54881,0.767239,0.5593839210780558,0.2556909640062519,0.18492511478840432,l,1,0,0,18
Celta Vigo,Getafe,1,0,2.12477,0.424746,0.7723979384739085,0.16621644751014444,0.06138560547108286,w,1,0,1,9
Espanyol,Celta Vigo,3,1,1.50136,1.55998,0.3671729552768157,0.24010763472139796,0.3927194097780675,l,1,0,0,18
Celta Vigo,Mallorca,2,0,1.19949,1.09038,0.38504090977614547,0.28389220375356305,0.33106688646546967,w,1,0,1,7
Sevilla,Celta Vigo,1,0,0.487466,0.928845,0.18649160750679603,0.3655330039253743,0.44797538856772356,l,1,0,0,18
Real Sociedad,Rayo Vallecano,1,2,1.56608,1.60148,0.3746123055443384,0.23558182646990358,0.38980586763771735,w,1,0,1,12
Rayo Vallecano,Barcelona,1,2,0.392473,1.51872,0.09288890115979889,0.2501030711219675,0.6570080276207054,l,1,0,0,15
Espanyol,Rayo Vallecano,2,1,1.84679,1.0088,0.5700454014356243,0.2262309517677126,0.20372364544563443,l,1,0,0,12
Rayo Vallecano,Osasuna,3,1,1.48433,0.530311,0.6078505583603266,0.26090789260425695,0.131241548963993,w,1,0,1,19
Girona,Rayo Vallecano,0,0,2.1579,0.377734,0.7896158151535199,0.15818926476346581,0.05219490963279447,d,1,0,0,12
Rayo Vallecano,Leganes,1,1,1.15229,0.852356,0.42649390418430844,0.3032707312926671,0.27023536452081137,d,1,0,0,22
Real Valladolid,Rayo Vallecano,1,2,1.65842,1.64746,0.38729974942474876,0.2300146190861551,0.3826856308754085,w,1,0,1,12
Mallorca,Rayo Vallecano,1,0,2.72076,0.464955,0.8453116766924582,0.11271731564104341,0.04197080714171518,l,1,0,0,12
Rayo Vallecano,Alaves,1,0,2.89009,0.871439,0.7854514367386122,0.13078151574336094,0.08376662352076009,w,1,0,1,5
Rayo Vallecano,Las Palmas,1,3,2.63982,1.25211,0.6703060962300741,0.16890185161498378,0.1607919147401209,l,1,0,0,13
Sevilla,Rayo Vallecano,1,0,1.57063,0.862262,0.5403160980278373,0.25351525747299747,0.20616864434528814,l,1,0,0,12
Rayo Vallecano,Athletic Club,1,2,0.590024,0.556919,0.29523978859604816,0.43086312449891456,0.2738970869050371,l,1,0,0,17
Valencia,Rayo Vallecano,0,1,1.0002,1.02294,0.3409008249894381,0.3063442149887926,0.35275496002105544,w,1,0,1,12
Osasuna,Mallorca,1,0,0.887678,0.427602,0.44959185184682404,0.3803611896657017,0.17004695848741844,l,1,0,0,7
Leganes,Mallorca,0,1,0.52078,1.48758,0.1284283569209909,0.2601369282840621,0.6114347147213646,w,1,0,1,7
Mallorca,Villarreal,1,2,0.345425,2.41884,0.037723641792054265,0.1277547291076368,0.8345215836512714,l,1,0,0,6
Mallorca,Real Sociedad,1,0,1.56932,0.499139,0.638360298896488,0.24653362561693695,0.11510607533446233,w,1,0,1,4
Real Betis,Mallorca,1,2,1.37084,1.4369,0.35891660099918227,0.25224764904050123,0.3888357498903721,w,1,0,1,7
Real Valladolid,Mallorca,1,2,1.31551,2.49026,0.18763372451831176,0.18158970414061792,0.6307765055151889,w,1,0,1,7
Espanyol,Mallorca,2,1,0.948554,1.79839,0.1963101244505091,0.23001190295929502,0.573677971641389,l,1,0,0,7
Mallorca,Rayo Vallecano,1,0,2.72076,0.464955,0.8453116766924582,0.11271731564104341,0.04197080714171518,w,1,0,1,12
Mallorca,Athletic Club,0,0,0.542356,0.755466,0.235799095191111,0.39703289484275167,0.3671680099661315,d,1,0,0,17
Alaves,Mallorca,1,0,1.43582,0.708287,0.5454004328296826,0.2702799879903975,0.18431957913452077,l,1,0,0,7
Mallorca,Atletico Madrid,0,1,0.735147,0.93863,0.27237232948187284,0.3410551148702457,0.3865725556477547,l,1,0,0,1
Las Palmas,Mallorca,2,3,1.15972,1.45816,0.30085189471392426,0.2594006818448531,0.4397474233827887,w,1,0,1,7
Mallorca,Valencia,2,1,0.721435,1.33443,0.2020259358163412,0.28421480715942693,0.5137592570075946,w,1,0,1,11
Mallorca,Barcelona,1,5,0.921728,5.38074,0.01527167427065208,0.030752380454898174,0.9534955919855136,l,1,0,0,15
Celta Vigo,Mallorca,2,0,1.19949,1.09038,0.38504090977614547,0.28389220375356305,0.33106688646546967,l,1,0,0,7
Mallorca,Girona,2,1,1.65091,0.939735,0.5408399722654829,0.24497568756797997,0.21418433986487823,w,1,0,1,16
